2026-08-27 22:41:04.5611 Error FileTarget(Name=jsonfile): Failed writing to FileName: 'logs/ckyc-2026-08-27.json' Exception: System.IO.IOException: The process cannot access the file 'D:\ckyccentral\ckyc\src\CKYC.Processor\bin\Debug\net10.0\logs\ckyc-2026-08-27.json' because it is being used by another process.
   at Microsoft.Win32.SafeHandles.SafeFileHandle.CreateFile(String fullPath, FileMode mode, FileAccess access, FileShare share, FileOptions options)
   at Microsoft.Win32.SafeHandles.SafeFileHandle.Open(String fullPath, FileMode mode, FileAccess access, FileShare share, FileOptions options, Int64 preallocationSize, Nullable`1 unixCreateMode)
   at System.IO.Strategies.OSFileStreamStrategy..ctor(String path, FileMode mode, FileAccess access, FileShare share, FileOptions options, Int64 preallocationSize, Nullable`1 unixCreateMode)
   at System.IO.Strategies.FileStreamHelpers.ChooseStrategyCore(String path, FileMode mode, FileAccess access, FileShare share, FileOptions options, Int64 preallocationSize, Nullable`1 unixCreateMode)
   at System.IO.FileStream..ctor(String path, FileMode mode, FileAccess access, FileShare share, Int32 bufferSize)
   at NLog.Targets.FileTarget.CreateFileStream(String filePath, Int32 bufferSize)
   at NLog.Targets.FileTarget.OpenNewFileStream(String filePath, Int32 bufferSize, Boolean initialFileOpen)
   at NLog.Targets.FileTarget.CreateFileStreamWithDirectory(String filePath, Int32 bufferSize, Boolean initialFileOpen)
   at NLog.Targets.FileTarget.CreateFileStreamWithRetry(IFileAppender fileAppender, Int32 bufferSize, Boolean initialFileOpen)
   at NLog.Targets.FileAppenders.ExclusiveFileLockingAppender..ctor(FileTarget fileTarget, String filePath)
   at NLog.Targets.FileTarget.CreateFileAppender(String filePath)
   at NLog.Targets.FileTarget.OpenFile(String filename, LogEventInfo firstLogEvent, Nullable`1 previousFileLastModified, Int32 sequenceNumber)
   at NLog.Targets.FileTarget.WriteBytesToFile(String filename, LogEventInfo firstLogEvent, MemoryStream ms)
   at NLog.Targets.FileTarget.Write(LogEventInfo logEvent)
2026-08-27 22:41:06.1527 Error FileTarget(Name=jsonfile): Failed writing to FileName: 'logs/ckyc-2026-08-27.json' Exception: System.IO.IOException: The process cannot access the file 'D:\ckyccentral\ckyc\src\CKYC.Processor\bin\Debug\net10.0\logs\ckyc-2026-08-27.json' because it is being used by another process.
   at Microsoft.Win32.SafeHandles.SafeFileHandle.CreateFile(String fullPath, FileMode mode, FileAccess access, FileShare share, FileOptions options)
   at Microsoft.Win32.SafeHandles.SafeFileHandle.Open(String fullPath, FileMode mode, FileAccess access, FileShare share, FileOptions options, Int64 preallocationSize, Nullable`1 unixCreateMode)
   at System.IO.Strategies.OSFileStreamStrategy..ctor(String path, FileMode mode, FileAccess access, FileShare share, FileOptions options, Int64 preallocationSize, Nullable`1 unixCreateMode)
   at System.IO.Strategies.FileStreamHelpers.ChooseStrategyCore(String path, FileMode mode, FileAccess access, FileShare share, FileOptions options, Int64 preallocationSize, Nullable`1 unixCreateMode)
   at System.IO.FileStream..ctor(String path, FileMode mode, FileAccess access, FileShare share, Int32 bufferSize)
   at NLog.Targets.FileTarget.CreateFileStream(String filePath, Int32 bufferSize)
   at NLog.Targets.FileTarget.OpenNewFileStream(String filePath, Int32 bufferSize, Boolean initialFileOpen)
   at NLog.Targets.FileTarget.CreateFileStreamWithDirectory(String filePath, Int32 bufferSize, Boolean initialFileOpen)
   at NLog.Targets.FileTarget.CreateFileStreamWithRetry(IFileAppender fileAppender, Int32 bufferSize, Boolean initialFileOpen)
   at NLog.Targets.FileAppenders.ExclusiveFileLockingAppender..ctor(FileTarget fileTarget, String filePath)
   at NLog.Targets.FileTarget.CreateFileAppender(String filePath)
   at NLog.Targets.FileTarget.OpenFile(String filename, LogEventInfo firstLogEvent, Nullable`1 previousFileLastModified, Int32 sequenceNumber)
   at NLog.Targets.FileTarget.WriteBytesToFile(String filename, LogEventInfo firstLogEvent, MemoryStream ms)
   at NLog.Targets.FileTarget.Write(LogEventInfo logEvent)
2026-08-27 22:41:06.1907 Error FileTarget(Name=jsonfile): Failed writing to FileName: 'logs/ckyc-2026-08-27.json' Exception: System.IO.IOException: The process cannot access the file 'D:\ckyccentral\ckyc\src\CKYC.Processor\bin\Debug\net10.0\logs\ckyc-2026-08-27.json' because it is being used by another process.
   at Microsoft.Win32.SafeHandles.SafeFileHandle.CreateFile(String fullPath, FileMode mode, FileAccess access, FileShare share, FileOptions options)
   at Microsoft.Win32.SafeHandles.SafeFileHandle.Open(String fullPath, FileMode mode, FileAccess access, FileShare share, FileOptions options, Int64 preallocationSize, Nullable`1 unixCreateMode)
   at System.IO.Strategies.OSFileStreamStrategy..ctor(String path, FileMode mode, FileAccess access, FileShare share, FileOptions options, Int64 preallocationSize, Nullable`1 unixCreateMode)
   at System.IO.Strategies.FileStreamHelpers.ChooseStrategyCore(String path, FileMode mode, FileAccess access, FileShare share, FileOptions options, Int64 preallocationSize, Nullable`1 unixCreateMode)
   at System.IO.FileStream..ctor(String path, FileMode mode, FileAccess access, FileShare share, Int32 bufferSize)
   at NLog.Targets.FileTarget.CreateFileStream(String filePath, Int32 bufferSize)
   at NLog.Targets.FileTarget.OpenNewFileStream(String filePath, Int32 bufferSize, Boolean initialFileOpen)
   at NLog.Targets.FileTarget.CreateFileStreamWithDirectory(String filePath, Int32 bufferSize, Boolean initialFileOpen)
   at NLog.Targets.FileTarget.CreateFileStreamWithRetry(IFileAppender fileAppender, Int32 bufferSize, Boolean initialFileOpen)
   at NLog.Targets.FileAppenders.ExclusiveFileLockingAppender..ctor(FileTarget fileTarget, String filePath)
   at NLog.Targets.FileTarget.CreateFileAppender(String filePath)
   at NLog.Targets.FileTarget.OpenFile(String filename, LogEventInfo firstLogEvent, Nullable`1 previousFileLastModified, Int32 sequenceNumber)
   at NLog.Targets.FileTarget.WriteBytesToFile(String filename, LogEventInfo firstLogEvent, MemoryStream ms)
   at NLog.Targets.FileTarget.Write(LogEventInfo logEvent)
2026-08-27 22:41:06.2299 Error FileTarget(Name=jsonfile): Failed writing to FileName: 'logs/ckyc-2026-08-27.json' Exception: System.IO.IOException: The process cannot access the file 'D:\ckyccentral\ckyc\src\CKYC.Processor\bin\Debug\net10.0\logs\ckyc-2026-08-27.json' because it is being used by another process.
   at Microsoft.Win32.SafeHandles.SafeFileHandle.CreateFile(String fullPath, FileMode mode, FileAccess access, FileShare share, FileOptions options)
   at Microsoft.Win32.SafeHandles.SafeFileHandle.Open(String fullPath, FileMode mode, FileAccess access, FileShare share, FileOptions options, Int64 preallocationSize, Nullable`1 unixCreateMode)
   at System.IO.Strategies.OSFileStreamStrategy..ctor(String path, FileMode mode, FileAccess access, FileShare share, FileOptions options, Int64 preallocationSize, Nullable`1 unixCreateMode)
   at System.IO.Strategies.FileStreamHelpers.ChooseStrategyCore(String path, FileMode mode, FileAccess access, FileShare share, FileOptions options, Int64 preallocationSize, Nullable`1 unixCreateMode)
   at System.IO.FileStream..ctor(String path, FileMode mode, FileAccess access, FileShare share, Int32 bufferSize)
   at NLog.Targets.FileTarget.CreateFileStream(String filePath, Int32 bufferSize)
   at NLog.Targets.FileTarget.OpenNewFileStream(String filePath, Int32 bufferSize, Boolean initialFileOpen)
   at NLog.Targets.FileTarget.CreateFileStreamWithDirectory(String filePath, Int32 bufferSize, Boolean initialFileOpen)
   at NLog.Targets.FileTarget.CreateFileStreamWithRetry(IFileAppender fileAppender, Int32 bufferSize, Boolean initialFileOpen)
   at NLog.Targets.FileAppenders.ExclusiveFileLockingAppender..ctor(FileTarget fileTarget, String filePath)
   at NLog.Targets.FileTarget.CreateFileAppender(String filePath)
   at NLog.Targets.FileTarget.OpenFile(String filename, LogEventInfo firstLogEvent, Nullable`1 previousFileLastModified, Int32 sequenceNumber)
   at NLog.Targets.FileTarget.WriteBytesToFile(String filename, LogEventInfo firstLogEvent, MemoryStream ms)
   at NLog.Targets.FileTarget.Write(LogEventInfo logEvent)
2026-08-27 22:41:06.3050 Error FileTarget(Name=jsonfile): Failed writing to FileName: 'logs/ckyc-2026-08-27.json' Exception: System.IO.IOException: The process cannot access the file 'D:\ckyccentral\ckyc\src\CKYC.Processor\bin\Debug\net10.0\logs\ckyc-2026-08-27.json' because it is being used by another process.
   at Microsoft.Win32.SafeHandles.SafeFileHandle.CreateFile(String fullPath, FileMode mode, FileAccess access, FileShare share, FileOptions options)
   at Microsoft.Win32.SafeHandles.SafeFileHandle.Open(String fullPath, FileMode mode, FileAccess access, FileShare share, FileOptions options, Int64 preallocationSize, Nullable`1 unixCreateMode)
   at System.IO.Strategies.OSFileStreamStrategy..ctor(String path, FileMode mode, FileAccess access, FileShare share, FileOptions options, Int64 preallocationSize, Nullable`1 unixCreateMode)
   at System.IO.Strategies.FileStreamHelpers.ChooseStrategyCore(String path, FileMode mode, FileAccess access, FileShare share, FileOptions options, Int64 preallocationSize, Nullable`1 unixCreateMode)
   at System.IO.FileStream..ctor(String path, FileMode mode, FileAccess access, FileShare share, Int32 bufferSize)
   at NLog.Targets.FileTarget.CreateFileStream(String filePath, Int32 bufferSize)
   at NLog.Targets.FileTarget.OpenNewFileStream(String filePath, Int32 bufferSize, Boolean initialFileOpen)
   at NLog.Targets.FileTarget.CreateFileStreamWithDirectory(String filePath, Int32 bufferSize, Boolean initialFileOpen)
   at NLog.Targets.FileTarget.CreateFileStreamWithRetry(IFileAppender fileAppender, Int32 bufferSize, Boolean initialFileOpen)
   at NLog.Targets.FileAppenders.ExclusiveFileLockingAppender..ctor(FileTarget fileTarget, String filePath)
   at NLog.Targets.FileTarget.CreateFileAppender(String filePath)
   at NLog.Targets.FileTarget.OpenFile(String filename, LogEventInfo firstLogEvent, Nullable`1 previousFileLastModified, Int32 sequenceNumber)
   at NLog.Targets.FileTarget.WriteBytesToFile(String filename, LogEventInfo firstLogEvent, MemoryStream ms)
   at NLog.Targets.FileTarget.Write(LogEventInfo logEvent)
2026-08-27 22:41:06.3332 Error FileTarget(Name=jsonfile): Failed writing to FileName: 'logs/ckyc-2026-08-27.json' Exception: System.IO.IOException: The process cannot access the file 'D:\ckyccentral\ckyc\src\CKYC.Processor\bin\Debug\net10.0\logs\ckyc-2026-08-27.json' because it is being used by another process.
   at Microsoft.Win32.SafeHandles.SafeFileHandle.CreateFile(String fullPath, FileMode mode, FileAccess access, FileShare share, FileOptions options)
   at Microsoft.Win32.SafeHandles.SafeFileHandle.Open(String fullPath, FileMode mode, FileAccess access, FileShare share, FileOptions options, Int64 preallocationSize, Nullable`1 unixCreateMode)
   at System.IO.Strategies.OSFileStreamStrategy..ctor(String path, FileMode mode, FileAccess access, FileShare share, FileOptions options, Int64 preallocationSize, Nullable`1 unixCreateMode)
   at System.IO.Strategies.FileStreamHelpers.ChooseStrategyCore(String path, FileMode mode, FileAccess access, FileShare share, FileOptions options, Int64 preallocationSize, Nullable`1 unixCreateMode)
   at System.IO.FileStream..ctor(String path, FileMode mode, FileAccess access, FileShare share, Int32 bufferSize)
   at NLog.Targets.FileTarget.CreateFileStream(String filePath, Int32 bufferSize)
   at NLog.Targets.FileTarget.OpenNewFileStream(String filePath, Int32 bufferSize, Boolean initialFileOpen)
   at NLog.Targets.FileTarget.CreateFileStreamWithDirectory(String filePath, Int32 bufferSize, Boolean initialFileOpen)
   at NLog.Targets.FileTarget.CreateFileStreamWithRetry(IFileAppender fileAppender, Int32 bufferSize, Boolean initialFileOpen)
   at NLog.Targets.FileAppenders.ExclusiveFileLockingAppender..ctor(FileTarget fileTarget, String filePath)
   at NLog.Targets.FileTarget.CreateFileAppender(String filePath)
   at NLog.Targets.FileTarget.OpenFile(String filename, LogEventInfo firstLogEvent, Nullable`1 previousFileLastModified, Int32 sequenceNumber)
   at NLog.Targets.FileTarget.WriteBytesToFile(String filename, LogEventInfo firstLogEvent, MemoryStream ms)
   at NLog.Targets.FileTarget.Write(LogEventInfo logEvent)
2026-08-27 22:41:06.3579 Error FileTarget(Name=jsonfile): Failed writing to FileName: 'logs/ckyc-2026-08-27.json' Exception: System.IO.IOException: The process cannot access the file 'D:\ckyccentral\ckyc\src\CKYC.Processor\bin\Debug\net10.0\logs\ckyc-2026-08-27.json' because it is being used by another process.
   at Microsoft.Win32.SafeHandles.SafeFileHandle.CreateFile(String fullPath, FileMode mode, FileAccess access, FileShare share, FileOptions options)
   at Microsoft.Win32.SafeHandles.SafeFileHandle.Open(String fullPath, FileMode mode, FileAccess access, FileShare share, FileOptions options, Int64 preallocationSize, Nullable`1 unixCreateMode)
   at System.IO.Strategies.OSFileStreamStrategy..ctor(String path, FileMode mode, FileAccess access, FileShare share, FileOptions options, Int64 preallocationSize, Nullable`1 unixCreateMode)
   at System.IO.Strategies.FileStreamHelpers.ChooseStrategyCore(String path, FileMode mode, FileAccess access, FileShare share, FileOptions options, Int64 preallocationSize, Nullable`1 unixCreateMode)
   at System.IO.FileStream..ctor(String path, FileMode mode, FileAccess access, FileShare share, Int32 bufferSize)
   at NLog.Targets.FileTarget.CreateFileStream(String filePath, Int32 bufferSize)
   at NLog.Targets.FileTarget.OpenNewFileStream(String filePath, Int32 bufferSize, Boolean initialFileOpen)
   at NLog.Targets.FileTarget.CreateFileStreamWithDirectory(String filePath, Int32 bufferSize, Boolean initialFileOpen)
   at NLog.Targets.FileTarget.CreateFileStreamWithRetry(IFileAppender fileAppender, Int32 bufferSize, Boolean initialFileOpen)
   at NLog.Targets.FileAppenders.ExclusiveFileLockingAppender..ctor(FileTarget fileTarget, String filePath)
   at NLog.Targets.FileTarget.CreateFileAppender(String filePath)
   at NLog.Targets.FileTarget.OpenFile(String filename, LogEventInfo firstLogEvent, Nullable`1 previousFileLastModified, Int32 sequenceNumber)
   at NLog.Targets.FileTarget.WriteBytesToFile(String filename, LogEventInfo firstLogEvent, MemoryStream ms)
   at NLog.Targets.FileTarget.Write(LogEventInfo logEvent)
2026-08-27 22:41:06.3900 Error FileTarget(Name=jsonfile): Failed writing to FileName: 'logs/ckyc-2026-08-27.json' Exception: System.IO.IOException: The process cannot access the file 'D:\ckyccentral\ckyc\src\CKYC.Processor\bin\Debug\net10.0\logs\ckyc-2026-08-27.json' because it is being used by another process.
   at Microsoft.Win32.SafeHandles.SafeFileHandle.CreateFile(String fullPath, FileMode mode, FileAccess access, FileShare share, FileOptions options)
   at Microsoft.Win32.SafeHandles.SafeFileHandle.Open(String fullPath, FileMode mode, FileAccess access, FileShare share, FileOptions options, Int64 preallocationSize, Nullable`1 unixCreateMode)
   at System.IO.Strategies.OSFileStreamStrategy..ctor(String path, FileMode mode, FileAccess access, FileShare share, FileOptions options, Int64 preallocationSize, Nullable`1 unixCreateMode)
   at System.IO.Strategies.FileStreamHelpers.ChooseStrategyCore(String path, FileMode mode, FileAccess access, FileShare share, FileOptions options, Int64 preallocationSize, Nullable`1 unixCreateMode)
   at System.IO.FileStream..ctor(String path, FileMode mode, FileAccess access, FileShare share, Int32 bufferSize)
   at NLog.Targets.FileTarget.CreateFileStream(String filePath, Int32 bufferSize)
   at NLog.Targets.FileTarget.OpenNewFileStream(String filePath, Int32 bufferSize, Boolean initialFileOpen)
   at NLog.Targets.FileTarget.CreateFileStreamWithDirectory(String filePath, Int32 bufferSize, Boolean initialFileOpen)
   at NLog.Targets.FileTarget.CreateFileStreamWithRetry(IFileAppender fileAppender, Int32 bufferSize, Boolean initialFileOpen)
   at NLog.Targets.FileAppenders.ExclusiveFileLockingAppender..ctor(FileTarget fileTarget, String filePath)
   at NLog.Targets.FileTarget.CreateFileAppender(String filePath)
   at NLog.Targets.FileTarget.OpenFile(String filename, LogEventInfo firstLogEvent, Nullable`1 previousFileLastModified, Int32 sequenceNumber)
   at NLog.Targets.FileTarget.WriteBytesToFile(String filename, LogEventInfo firstLogEvent, MemoryStream ms)
   at NLog.Targets.FileTarget.Write(LogEventInfo logEvent)
2026-08-27 22:41:06.4115 Error FileTarget(Name=jsonfile): Failed writing to FileName: 'logs/ckyc-2026-08-27.json' Exception: System.IO.IOException: The process cannot access the file 'D:\ckyccentral\ckyc\src\CKYC.Processor\bin\Debug\net10.0\logs\ckyc-2026-08-27.json' because it is being used by another process.
   at Microsoft.Win32.SafeHandles.SafeFileHandle.CreateFile(String fullPath, FileMode mode, FileAccess access, FileShare share, FileOptions options)
   at Microsoft.Win32.SafeHandles.SafeFileHandle.Open(String fullPath, FileMode mode, FileAccess access, FileShare share, FileOptions options, Int64 preallocationSize, Nullable`1 unixCreateMode)
   at System.IO.Strategies.OSFileStreamStrategy..ctor(String path, FileMode mode, FileAccess access, FileShare share, FileOptions options, Int64 preallocationSize, Nullable`1 unixCreateMode)
   at System.IO.Strategies.FileStreamHelpers.ChooseStrategyCore(String path, FileMode mode, FileAccess access, FileShare share, FileOptions options, Int64 preallocationSize, Nullable`1 unixCreateMode)
   at System.IO.FileStream..ctor(String path, FileMode mode, FileAccess access, FileShare share, Int32 bufferSize)
   at NLog.Targets.FileTarget.CreateFileStream(String filePath, Int32 bufferSize)
   at NLog.Targets.FileTarget.OpenNewFileStream(String filePath, Int32 bufferSize, Boolean initialFileOpen)
   at NLog.Targets.FileTarget.CreateFileStreamWithDirectory(String filePath, Int32 bufferSize, Boolean initialFileOpen)
   at NLog.Targets.FileTarget.CreateFileStreamWithRetry(IFileAppender fileAppender, Int32 bufferSize, Boolean initialFileOpen)
   at NLog.Targets.FileAppenders.ExclusiveFileLockingAppender..ctor(FileTarget fileTarget, String filePath)
   at NLog.Targets.FileTarget.CreateFileAppender(String filePath)
   at NLog.Targets.FileTarget.OpenFile(String filename, LogEventInfo firstLogEvent, Nullable`1 previousFileLastModified, Int32 sequenceNumber)
   at NLog.Targets.FileTarget.WriteBytesToFile(String filename, LogEventInfo firstLogEvent, MemoryStream ms)
   at NLog.Targets.FileTarget.Write(LogEventInfo logEvent)
2026-08-27 22:41:06.4368 Error FileTarget(Name=jsonfile): Failed writing to FileName: 'logs/ckyc-2026-08-27.json' Exception: System.IO.IOException: The process cannot access the file 'D:\ckyccentral\ckyc\src\CKYC.Processor\bin\Debug\net10.0\logs\ckyc-2026-08-27.json' because it is being used by another process.
   at Microsoft.Win32.SafeHandles.SafeFileHandle.CreateFile(String fullPath, FileMode mode, FileAccess access, FileShare share, FileOptions options)
   at Microsoft.Win32.SafeHandles.SafeFileHandle.Open(String fullPath, FileMode mode, FileAccess access, FileShare share, FileOptions options, Int64 preallocationSize, Nullable`1 unixCreateMode)
   at System.IO.Strategies.OSFileStreamStrategy..ctor(String path, FileMode mode, FileAccess access, FileShare share, FileOptions options, Int64 preallocationSize, Nullable`1 unixCreateMode)
   at System.IO.Strategies.FileStreamHelpers.ChooseStrategyCore(String path, FileMode mode, FileAccess access, FileShare share, FileOptions options, Int64 preallocationSize, Nullable`1 unixCreateMode)
   at System.IO.FileStream..ctor(String path, FileMode mode, FileAccess access, FileShare share, Int32 bufferSize)
   at NLog.Targets.FileTarget.CreateFileStream(String filePath, Int32 bufferSize)
   at NLog.Targets.FileTarget.OpenNewFileStream(String filePath, Int32 bufferSize, Boolean initialFileOpen)
   at NLog.Targets.FileTarget.CreateFileStreamWithDirectory(String filePath, Int32 bufferSize, Boolean initialFileOpen)
   at NLog.Targets.FileTarget.CreateFileStreamWithRetry(IFileAppender fileAppender, Int32 bufferSize, Boolean initialFileOpen)
   at NLog.Targets.FileAppenders.ExclusiveFileLockingAppender..ctor(FileTarget fileTarget, String filePath)
   at NLog.Targets.FileTarget.CreateFileAppender(String filePath)
   at NLog.Targets.FileTarget.OpenFile(String filename, LogEventInfo firstLogEvent, Nullable`1 previousFileLastModified, Int32 sequenceNumber)
   at NLog.Targets.FileTarget.WriteBytesToFile(String filename, LogEventInfo firstLogEvent, MemoryStream ms)
   at NLog.Targets.FileTarget.Write(LogEventInfo logEvent)
2026-08-27 22:41:06.4622 Error FileTarget(Name=jsonfile): Failed writing to FileName: 'logs/ckyc-2026-08-27.json' Exception: System.IO.IOException: The process cannot access the file 'D:\ckyccentral\ckyc\src\CKYC.Processor\bin\Debug\net10.0\logs\ckyc-2026-08-27.json' because it is being used by another process.
   at Microsoft.Win32.SafeHandles.SafeFileHandle.CreateFile(String fullPath, FileMode mode, FileAccess access, FileShare share, FileOptions options)
   at Microsoft.Win32.SafeHandles.SafeFileHandle.Open(String fullPath, FileMode mode, FileAccess access, FileShare share, FileOptions options, Int64 preallocationSize, Nullable`1 unixCreateMode)
   at System.IO.Strategies.OSFileStreamStrategy..ctor(String path, FileMode mode, FileAccess access, FileShare share, FileOptions options, Int64 preallocationSize, Nullable`1 unixCreateMode)
   at System.IO.Strategies.FileStreamHelpers.ChooseStrategyCore(String path, FileMode mode, FileAccess access, FileShare share, FileOptions options, Int64 preallocationSize, Nullable`1 unixCreateMode)
   at System.IO.FileStream..ctor(String path, FileMode mode, FileAccess access, FileShare share, Int32 bufferSize)
   at NLog.Targets.FileTarget.CreateFileStream(String filePath, Int32 bufferSize)
   at NLog.Targets.FileTarget.OpenNewFileStream(String filePath, Int32 bufferSize, Boolean initialFileOpen)
   at NLog.Targets.FileTarget.CreateFileStreamWithDirectory(String filePath, Int32 bufferSize, Boolean initialFileOpen)
   at NLog.Targets.FileTarget.CreateFileStreamWithRetry(IFileAppender fileAppender, Int32 bufferSize, Boolean initialFileOpen)
   at NLog.Targets.FileAppenders.ExclusiveFileLockingAppender..ctor(FileTarget fileTarget, String filePath)
   at NLog.Targets.FileTarget.CreateFileAppender(String filePath)
   at NLog.Targets.FileTarget.OpenFile(String filename, LogEventInfo firstLogEvent, Nullable`1 previousFileLastModified, Int32 sequenceNumber)
   at NLog.Targets.FileTarget.WriteBytesToFile(String filename, LogEventInfo firstLogEvent, MemoryStream ms)
   at NLog.Targets.FileTarget.Write(LogEventInfo logEvent)
2026-08-27 22:41:06.4884 Error FileTarget(Name=jsonfile): Failed writing to FileName: 'logs/ckyc-2026-08-27.json' Exception: System.IO.IOException: The process cannot access the file 'D:\ckyccentral\ckyc\src\CKYC.Processor\bin\Debug\net10.0\logs\ckyc-2026-08-27.json' because it is being used by another process.
   at Microsoft.Win32.SafeHandles.SafeFileHandle.CreateFile(String fullPath, FileMode mode, FileAccess access, FileShare share, FileOptions options)
   at Microsoft.Win32.SafeHandles.SafeFileHandle.Open(String fullPath, FileMode mode, FileAccess access, FileShare share, FileOptions options, Int64 preallocationSize, Nullable`1 unixCreateMode)
   at System.IO.Strategies.OSFileStreamStrategy..ctor(String path, FileMode mode, FileAccess access, FileShare share, FileOptions options, Int64 preallocationSize, Nullable`1 unixCreateMode)
   at System.IO.Strategies.FileStreamHelpers.ChooseStrategyCore(String path, FileMode mode, FileAccess access, FileShare share, FileOptions options, Int64 preallocationSize, Nullable`1 unixCreateMode)
   at System.IO.FileStream..ctor(String path, FileMode mode, FileAccess access, FileShare share, Int32 bufferSize)
   at NLog.Targets.FileTarget.CreateFileStream(String filePath, Int32 bufferSize)
   at NLog.Targets.FileTarget.OpenNewFileStream(String filePath, Int32 bufferSize, Boolean initialFileOpen)
   at NLog.Targets.FileTarget.CreateFileStreamWithDirectory(String filePath, Int32 bufferSize, Boolean initialFileOpen)
   at NLog.Targets.FileTarget.CreateFileStreamWithRetry(IFileAppender fileAppender, Int32 bufferSize, Boolean initialFileOpen)
   at NLog.Targets.FileAppenders.ExclusiveFileLockingAppender..ctor(FileTarget fileTarget, String filePath)
   at NLog.Targets.FileTarget.CreateFileAppender(String filePath)
   at NLog.Targets.FileTarget.OpenFile(String filename, LogEventInfo firstLogEvent, Nullable`1 previousFileLastModified, Int32 sequenceNumber)
   at NLog.Targets.FileTarget.WriteBytesToFile(String filename, LogEventInfo firstLogEvent, MemoryStream ms)
   at NLog.Targets.FileTarget.Write(LogEventInfo logEvent)
2026-08-27 22:41:06.5105 Error FileTarget(Name=jsonfile): Failed writing to FileName: 'logs/ckyc-2026-08-27.json' Exception: System.IO.IOException: The process cannot access the file 'D:\ckyccentral\ckyc\src\CKYC.Processor\bin\Debug\net10.0\logs\ckyc-2026-08-27.json' because it is being used by another process.
   at Microsoft.Win32.SafeHandles.SafeFileHandle.CreateFile(String fullPath, FileMode mode, FileAccess access, FileShare share, FileOptions options)
   at Microsoft.Win32.SafeHandles.SafeFileHandle.Open(String fullPath, FileMode mode, FileAccess access, FileShare share, FileOptions options, Int64 preallocationSize, Nullable`1 unixCreateMode)
   at System.IO.Strategies.OSFileStreamStrategy..ctor(String path, FileMode mode, FileAccess access, FileShare share, FileOptions options, Int64 preallocationSize, Nullable`1 unixCreateMode)
   at System.IO.Strategies.FileStreamHelpers.ChooseStrategyCore(String path, FileMode mode, FileAccess access, FileShare share, FileOptions options, Int64 preallocationSize, Nullable`1 unixCreateMode)
   at System.IO.FileStream..ctor(String path, FileMode mode, FileAccess access, FileShare share, Int32 bufferSize)
   at NLog.Targets.FileTarget.CreateFileStream(String filePath, Int32 bufferSize)
   at NLog.Targets.FileTarget.OpenNewFileStream(String filePath, Int32 bufferSize, Boolean initialFileOpen)
   at NLog.Targets.FileTarget.CreateFileStreamWithDirectory(String filePath, Int32 bufferSize, Boolean initialFileOpen)
   at NLog.Targets.FileTarget.CreateFileStreamWithRetry(IFileAppender fileAppender, Int32 bufferSize, Boolean initialFileOpen)
   at NLog.Targets.FileAppenders.ExclusiveFileLockingAppender..ctor(FileTarget fileTarget, String filePath)
   at NLog.Targets.FileTarget.CreateFileAppender(String filePath)
   at NLog.Targets.FileTarget.OpenFile(String filename, LogEventInfo firstLogEvent, Nullable`1 previousFileLastModified, Int32 sequenceNumber)
   at NLog.Targets.FileTarget.WriteBytesToFile(String filename, LogEventInfo firstLogEvent, MemoryStream ms)
   at NLog.Targets.FileTarget.Write(LogEventInfo logEvent)
2026-08-27 22:41:06.5124 Error FileTarget(Name=jsonfile): Failed writing to FileName: 'logs/ckyc-2026-08-27.json' Exception: System.IO.IOException: The process cannot access the file 'D:\ckyccentral\ckyc\src\CKYC.Processor\bin\Debug\net10.0\logs\ckyc-2026-08-27.json' because it is being used by another process.
   at Microsoft.Win32.SafeHandles.SafeFileHandle.CreateFile(String fullPath, FileMode mode, FileAccess access, FileShare share, FileOptions options)
   at Microsoft.Win32.SafeHandles.SafeFileHandle.Open(String fullPath, FileMode mode, FileAccess access, FileShare share, FileOptions options, Int64 preallocationSize, Nullable`1 unixCreateMode)
   at System.IO.Strategies.OSFileStreamStrategy..ctor(String path, FileMode mode, FileAccess access, FileShare share, FileOptions options, Int64 preallocationSize, Nullable`1 unixCreateMode)
   at System.IO.Strategies.FileStreamHelpers.ChooseStrategyCore(String path, FileMode mode, FileAccess access, FileShare share, FileOptions options, Int64 preallocationSize, Nullable`1 unixCreateMode)
   at System.IO.FileStream..ctor(String path, FileMode mode, FileAccess access, FileShare share, Int32 bufferSize)
   at NLog.Targets.FileTarget.CreateFileStream(String filePath, Int32 bufferSize)
   at NLog.Targets.FileTarget.OpenNewFileStream(String filePath, Int32 bufferSize, Boolean initialFileOpen)
   at NLog.Targets.FileTarget.CreateFileStreamWithDirectory(String filePath, Int32 bufferSize, Boolean initialFileOpen)
   at NLog.Targets.FileTarget.CreateFileStreamWithRetry(IFileAppender fileAppender, Int32 bufferSize, Boolean initialFileOpen)
   at NLog.Targets.FileAppenders.ExclusiveFileLockingAppender..ctor(FileTarget fileTarget, String filePath)
   at NLog.Targets.FileTarget.CreateFileAppender(String filePath)
   at NLog.Targets.FileTarget.OpenFile(String filename, LogEventInfo firstLogEvent, Nullable`1 previousFileLastModified, Int32 sequenceNumber)
   at NLog.Targets.FileTarget.WriteBytesToFile(String filename, LogEventInfo firstLogEvent, MemoryStream ms)
   at NLog.Targets.FileTarget.Write(LogEventInfo logEvent)
2026-08-27 22:41:17.0815 Error FileTarget(Name=jsonfile): Failed writing to FileName: 'logs/ckyc-2026-08-27.json' Exception: System.IO.IOException: The process cannot access the file 'D:\ckyccentral\ckyc\src\CKYC.Processor\bin\Debug\net10.0\logs\ckyc-2026-08-27.json' because it is being used by another process.
   at Microsoft.Win32.SafeHandles.SafeFileHandle.CreateFile(String fullPath, FileMode mode, FileAccess access, FileShare share, FileOptions options)
   at Microsoft.Win32.SafeHandles.SafeFileHandle.Open(String fullPath, FileMode mode, FileAccess access, FileShare share, FileOptions options, Int64 preallocationSize, Nullable`1 unixCreateMode)
   at System.IO.Strategies.OSFileStreamStrategy..ctor(String path, FileMode mode, FileAccess access, FileShare share, FileOptions options, Int64 preallocationSize, Nullable`1 unixCreateMode)
   at System.IO.Strategies.FileStreamHelpers.ChooseStrategyCore(String path, FileMode mode, FileAccess access, FileShare share, FileOptions options, Int64 preallocationSize, Nullable`1 unixCreateMode)
   at System.IO.FileStream..ctor(String path, FileMode mode, FileAccess access, FileShare share, Int32 bufferSize)
   at NLog.Targets.FileTarget.CreateFileStream(String filePath, Int32 bufferSize)
   at NLog.Targets.FileTarget.OpenNewFileStream(String filePath, Int32 bufferSize, Boolean initialFileOpen)
   at NLog.Targets.FileTarget.CreateFileStreamWithDirectory(String filePath, Int32 bufferSize, Boolean initialFileOpen)
   at NLog.Targets.FileTarget.CreateFileStreamWithRetry(IFileAppender fileAppender, Int32 bufferSize, Boolean initialFileOpen)
   at NLog.Targets.FileAppenders.ExclusiveFileLockingAppender..ctor(FileTarget fileTarget, String filePath)
   at NLog.Targets.FileTarget.CreateFileAppender(String filePath)
   at NLog.Targets.FileTarget.OpenFile(String filename, LogEventInfo firstLogEvent, Nullable`1 previousFileLastModified, Int32 sequenceNumber)
   at NLog.Targets.FileTarget.WriteBytesToFile(String filename, LogEventInfo firstLogEvent, MemoryStream ms)
   at NLog.Targets.FileTarget.Write(LogEventInfo logEvent)
2026-08-27 22:41:23.5166 Error FileTarget(Name=jsonfile): Failed writing to FileName: 'logs/ckyc-2026-08-27.json' Exception: System.IO.IOException: The process cannot access the file 'D:\ckyccentral\ckyc\src\CKYC.Processor\bin\Debug\net10.0\logs\ckyc-2026-08-27.json' because it is being used by another process.
   at Microsoft.Win32.SafeHandles.SafeFileHandle.CreateFile(String fullPath, FileMode mode, FileAccess access, FileShare share, FileOptions options)
   at Microsoft.Win32.SafeHandles.SafeFileHandle.Open(String fullPath, FileMode mode, FileAccess access, FileShare share, FileOptions options, Int64 preallocationSize, Nullable`1 unixCreateMode)
   at System.IO.Strategies.OSFileStreamStrategy..ctor(String path, FileMode mode, FileAccess access, FileShare share, FileOptions options, Int64 preallocationSize, Nullable`1 unixCreateMode)
   at System.IO.Strategies.FileStreamHelpers.ChooseStrategyCore(String path, FileMode mode, FileAccess access, FileShare share, FileOptions options, Int64 preallocationSize, Nullable`1 unixCreateMode)
   at System.IO.FileStream..ctor(String path, FileMode mode, FileAccess access, FileShare share, Int32 bufferSize)
   at NLog.Targets.FileTarget.CreateFileStream(String filePath, Int32 bufferSize)
   at NLog.Targets.FileTarget.OpenNewFileStream(String filePath, Int32 bufferSize, Boolean initialFileOpen)
   at NLog.Targets.FileTarget.CreateFileStreamWithDirectory(String filePath, Int32 bufferSize, Boolean initialFileOpen)
   at NLog.Targets.FileTarget.CreateFileStreamWithRetry(IFileAppender fileAppender, Int32 bufferSize, Boolean initialFileOpen)
   at NLog.Targets.FileAppenders.ExclusiveFileLockingAppender..ctor(FileTarget fileTarget, String filePath)
   at NLog.Targets.FileTarget.CreateFileAppender(String filePath)
   at NLog.Targets.FileTarget.OpenFile(String filename, LogEventInfo firstLogEvent, Nullable`1 previousFileLastModified, Int32 sequenceNumber)
   at NLog.Targets.FileTarget.WriteBytesToFile(String filename, LogEventInfo firstLogEvent, MemoryStream ms)
   at NLog.Targets.FileTarget.Write(LogEventInfo logEvent)
2026-08-27 22:41:28.5785 Error FileTarget(Name=jsonfile): Failed writing to FileName: 'logs/ckyc-2026-08-27.json' Exception: System.IO.IOException: The process cannot access the file 'D:\ckyccentral\ckyc\src\CKYC.Processor\bin\Debug\net10.0\logs\ckyc-2026-08-27.json' because it is being used by another process.
   at Microsoft.Win32.SafeHandles.SafeFileHandle.CreateFile(String fullPath, FileMode mode, FileAccess access, FileShare share, FileOptions options)
   at Microsoft.Win32.SafeHandles.SafeFileHandle.Open(String fullPath, FileMode mode, FileAccess access, FileShare share, FileOptions options, Int64 preallocationSize, Nullable`1 unixCreateMode)
   at System.IO.Strategies.OSFileStreamStrategy..ctor(String path, FileMode mode, FileAccess access, FileShare share, FileOptions options, Int64 preallocationSize, Nullable`1 unixCreateMode)
   at System.IO.Strategies.FileStreamHelpers.ChooseStrategyCore(String path, FileMode mode, FileAccess access, FileShare share, FileOptions options, Int64 preallocationSize, Nullable`1 unixCreateMode)
   at System.IO.FileStream..ctor(String path, FileMode mode, FileAccess access, FileShare share, Int32 bufferSize)
   at NLog.Targets.FileTarget.CreateFileStream(String filePath, Int32 bufferSize)
   at NLog.Targets.FileTarget.OpenNewFileStream(String filePath, Int32 bufferSize, Boolean initialFileOpen)
   at NLog.Targets.FileTarget.CreateFileStreamWithDirectory(String filePath, Int32 bufferSize, Boolean initialFileOpen)
   at NLog.Targets.FileTarget.CreateFileStreamWithRetry(IFileAppender fileAppender, Int32 bufferSize, Boolean initialFileOpen)
   at NLog.Targets.FileAppenders.ExclusiveFileLockingAppender..ctor(FileTarget fileTarget, String filePath)
   at NLog.Targets.FileTarget.CreateFileAppender(String filePath)
   at NLog.Targets.FileTarget.OpenFile(String filename, LogEventInfo firstLogEvent, Nullable`1 previousFileLastModified, Int32 sequenceNumber)
   at NLog.Targets.FileTarget.WriteBytesToFile(String filename, LogEventInfo firstLogEvent, MemoryStream ms)
   at NLog.Targets.FileTarget.Write(LogEventInfo logEvent)
2026-08-27 22:41:30.4375 Error FileTarget(Name=jsonfile): Failed writing to FileName: 'logs/ckyc-2026-08-27.json' Exception: System.IO.IOException: The process cannot access the file 'D:\ckyccentral\ckyc\src\CKYC.Processor\bin\Debug\net10.0\logs\ckyc-2026-08-27.json' because it is being used by another process.
   at Microsoft.Win32.SafeHandles.SafeFileHandle.CreateFile(String fullPath, FileMode mode, FileAccess access, FileShare share, FileOptions options)
   at Microsoft.Win32.SafeHandles.SafeFileHandle.Open(String fullPath, FileMode mode, FileAccess access, FileShare share, FileOptions options, Int64 preallocationSize, Nullable`1 unixCreateMode)
   at System.IO.Strategies.OSFileStreamStrategy..ctor(String path, FileMode mode, FileAccess access, FileShare share, FileOptions options, Int64 preallocationSize, Nullable`1 unixCreateMode)
   at System.IO.Strategies.FileStreamHelpers.ChooseStrategyCore(String path, FileMode mode, FileAccess access, FileShare share, FileOptions options, Int64 preallocationSize, Nullable`1 unixCreateMode)
   at System.IO.FileStream..ctor(String path, FileMode mode, FileAccess access, FileShare share, Int32 bufferSize)
   at NLog.Targets.FileTarget.CreateFileStream(String filePath, Int32 bufferSize)
   at NLog.Targets.FileTarget.OpenNewFileStream(String filePath, Int32 bufferSize, Boolean initialFileOpen)
   at NLog.Targets.FileTarget.CreateFileStreamWithDirectory(String filePath, Int32 bufferSize, Boolean initialFileOpen)
   at NLog.Targets.FileTarget.CreateFileStreamWithRetry(IFileAppender fileAppender, Int32 bufferSize, Boolean initialFileOpen)
   at NLog.Targets.FileAppenders.ExclusiveFileLockingAppender..ctor(FileTarget fileTarget, String filePath)
   at NLog.Targets.FileTarget.CreateFileAppender(String filePath)
   at NLog.Targets.FileTarget.OpenFile(String filename, LogEventInfo firstLogEvent, Nullable`1 previousFileLastModified, Int32 sequenceNumber)
   at NLog.Targets.FileTarget.WriteBytesToFile(String filename, LogEventInfo firstLogEvent, MemoryStream ms)
   at NLog.Targets.FileTarget.Write(LogEventInfo logEvent)
2026-08-27 22:41:30.4793 Error FileTarget(Name=jsonfile): Failed writing to FileName: 'logs/ckyc-2026-08-27.json' Exception: System.IO.IOException: The process cannot access the file 'D:\ckyccentral\ckyc\src\CKYC.Processor\bin\Debug\net10.0\logs\ckyc-2026-08-27.json' because it is being used by another process.
   at Microsoft.Win32.SafeHandles.SafeFileHandle.CreateFile(String fullPath, FileMode mode, FileAccess access, FileShare share, FileOptions options)
   at Microsoft.Win32.SafeHandles.SafeFileHandle.Open(String fullPath, FileMode mode, FileAccess access, FileShare share, FileOptions options, Int64 preallocationSize, Nullable`1 unixCreateMode)
   at System.IO.Strategies.OSFileStreamStrategy..ctor(String path, FileMode mode, FileAccess access, FileShare share, FileOptions options, Int64 preallocationSize, Nullable`1 unixCreateMode)
   at System.IO.Strategies.FileStreamHelpers.ChooseStrategyCore(String path, FileMode mode, FileAccess access, FileShare share, FileOptions options, Int64 preallocationSize, Nullable`1 unixCreateMode)
   at System.IO.FileStream..ctor(String path, FileMode mode, FileAccess access, FileShare share, Int32 bufferSize)
   at NLog.Targets.FileTarget.CreateFileStream(String filePath, Int32 bufferSize)
   at NLog.Targets.FileTarget.OpenNewFileStream(String filePath, Int32 bufferSize, Boolean initialFileOpen)
   at NLog.Targets.FileTarget.CreateFileStreamWithDirectory(String filePath, Int32 bufferSize, Boolean initialFileOpen)
   at NLog.Targets.FileTarget.CreateFileStreamWithRetry(IFileAppender fileAppender, Int32 bufferSize, Boolean initialFileOpen)
   at NLog.Targets.FileAppenders.ExclusiveFileLockingAppender..ctor(FileTarget fileTarget, String filePath)
   at NLog.Targets.FileTarget.CreateFileAppender(String filePath)
   at NLog.Targets.FileTarget.OpenFile(String filename, LogEventInfo firstLogEvent, Nullable`1 previousFileLastModified, Int32 sequenceNumber)
   at NLog.Targets.FileTarget.WriteBytesToFile(String filename, LogEventInfo firstLogEvent, MemoryStream ms)
   at NLog.Targets.FileTarget.Write(LogEventInfo logEvent)
2026-08-27 22:41:30.5795 Error FileTarget(Name=jsonfile): Failed writing to FileName: 'logs/ckyc-2026-08-27.json' Exception: System.IO.IOException: The process cannot access the file 'D:\ckyccentral\ckyc\src\CKYC.Processor\bin\Debug\net10.0\logs\ckyc-2026-08-27.json' because it is being used by another process.
   at Microsoft.Win32.SafeHandles.SafeFileHandle.CreateFile(String fullPath, FileMode mode, FileAccess access, FileShare share, FileOptions options)
   at Microsoft.Win32.SafeHandles.SafeFileHandle.Open(String fullPath, FileMode mode, FileAccess access, FileShare share, FileOptions options, Int64 preallocationSize, Nullable`1 unixCreateMode)
   at System.IO.Strategies.OSFileStreamStrategy..ctor(String path, FileMode mode, FileAccess access, FileShare share, FileOptions options, Int64 preallocationSize, Nullable`1 unixCreateMode)
   at System.IO.Strategies.FileStreamHelpers.ChooseStrategyCore(String path, FileMode mode, FileAccess access, FileShare share, FileOptions options, Int64 preallocationSize, Nullable`1 unixCreateMode)
   at System.IO.FileStream..ctor(String path, FileMode mode, FileAccess access, FileShare share, Int32 bufferSize)
   at NLog.Targets.FileTarget.CreateFileStream(String filePath, Int32 bufferSize)
   at NLog.Targets.FileTarget.OpenNewFileStream(String filePath, Int32 bufferSize, Boolean initialFileOpen)
   at NLog.Targets.FileTarget.CreateFileStreamWithDirectory(String filePath, Int32 bufferSize, Boolean initialFileOpen)
   at NLog.Targets.FileTarget.CreateFileStreamWithRetry(IFileAppender fileAppender, Int32 bufferSize, Boolean initialFileOpen)
   at NLog.Targets.FileAppenders.ExclusiveFileLockingAppender..ctor(FileTarget fileTarget, String filePath)
   at NLog.Targets.FileTarget.CreateFileAppender(String filePath)
   at NLog.Targets.FileTarget.OpenFile(String filename, LogEventInfo firstLogEvent, Nullable`1 previousFileLastModified, Int32 sequenceNumber)
   at NLog.Targets.FileTarget.WriteBytesToFile(String filename, LogEventInfo firstLogEvent, MemoryStream ms)
   at NLog.Targets.FileTarget.Write(LogEventInfo logEvent)
2026-08-27 22:41:30.5795 Error FileTarget(Name=jsonfile): Failed writing to FileName: 'logs/ckyc-2026-08-27.json' Exception: System.IO.IOException: The process cannot access the file 'D:\ckyccentral\ckyc\src\CKYC.Processor\bin\Debug\net10.0\logs\ckyc-2026-08-27.json' because it is being used by another process.
   at Microsoft.Win32.SafeHandles.SafeFileHandle.CreateFile(String fullPath, FileMode mode, FileAccess access, FileShare share, FileOptions options)
   at Microsoft.Win32.SafeHandles.SafeFileHandle.Open(String fullPath, FileMode mode, FileAccess access, FileShare share, FileOptions options, Int64 preallocationSize, Nullable`1 unixCreateMode)
   at System.IO.Strategies.OSFileStreamStrategy..ctor(String path, FileMode mode, FileAccess access, FileShare share, FileOptions options, Int64 preallocationSize, Nullable`1 unixCreateMode)
   at System.IO.Strategies.FileStreamHelpers.ChooseStrategyCore(String path, FileMode mode, FileAccess access, FileShare share, FileOptions options, Int64 preallocationSize, Nullable`1 unixCreateMode)
   at System.IO.FileStream..ctor(String path, FileMode mode, FileAccess access, FileShare share, Int32 bufferSize)
   at NLog.Targets.FileTarget.CreateFileStream(String filePath, Int32 bufferSize)
   at NLog.Targets.FileTarget.OpenNewFileStream(String filePath, Int32 bufferSize, Boolean initialFileOpen)
   at NLog.Targets.FileTarget.CreateFileStreamWithDirectory(String filePath, Int32 bufferSize, Boolean initialFileOpen)
   at NLog.Targets.FileTarget.CreateFileStreamWithRetry(IFileAppender fileAppender, Int32 bufferSize, Boolean initialFileOpen)
   at NLog.Targets.FileAppenders.ExclusiveFileLockingAppender..ctor(FileTarget fileTarget, String filePath)
   at NLog.Targets.FileTarget.CreateFileAppender(String filePath)
   at NLog.Targets.FileTarget.OpenFile(String filename, LogEventInfo firstLogEvent, Nullable`1 previousFileLastModified, Int32 sequenceNumber)
   at NLog.Targets.FileTarget.WriteBytesToFile(String filename, LogEventInfo firstLogEvent, MemoryStream ms)
   at NLog.Targets.FileTarget.Write(LogEventInfo logEvent)
2026-08-27 22:41:30.5795 Error FileTarget(Name=jsonfile): Failed writing to FileName: 'logs/ckyc-2026-08-27.json' Exception: System.IO.IOException: The process cannot access the file 'D:\ckyccentral\ckyc\src\CKYC.Processor\bin\Debug\net10.0\logs\ckyc-2026-08-27.json' because it is being used by another process.
   at Microsoft.Win32.SafeHandles.SafeFileHandle.CreateFile(String fullPath, FileMode mode, FileAccess access, FileShare share, FileOptions options)
   at Microsoft.Win32.SafeHandles.SafeFileHandle.Open(String fullPath, FileMode mode, FileAccess access, FileShare share, FileOptions options, Int64 preallocationSize, Nullable`1 unixCreateMode)
   at System.IO.Strategies.OSFileStreamStrategy..ctor(String path, FileMode mode, FileAccess access, FileShare share, FileOptions options, Int64 preallocationSize, Nullable`1 unixCreateMode)
   at System.IO.Strategies.FileStreamHelpers.ChooseStrategyCore(String path, FileMode mode, FileAccess access, FileShare share, FileOptions options, Int64 preallocationSize, Nullable`1 unixCreateMode)
   at System.IO.FileStream..ctor(String path, FileMode mode, FileAccess access, FileShare share, Int32 bufferSize)
   at NLog.Targets.FileTarget.CreateFileStream(String filePath, Int32 bufferSize)
   at NLog.Targets.FileTarget.OpenNewFileStream(String filePath, Int32 bufferSize, Boolean initialFileOpen)
   at NLog.Targets.FileTarget.CreateFileStreamWithDirectory(String filePath, Int32 bufferSize, Boolean initialFileOpen)
   at NLog.Targets.FileTarget.CreateFileStreamWithRetry(IFileAppender fileAppender, Int32 bufferSize, Boolean initialFileOpen)
   at NLog.Targets.FileAppenders.ExclusiveFileLockingAppender..ctor(FileTarget fileTarget, String filePath)
   at NLog.Targets.FileTarget.CreateFileAppender(String filePath)
   at NLog.Targets.FileTarget.OpenFile(String filename, LogEventInfo firstLogEvent, Nullable`1 previousFileLastModified, Int32 sequenceNumber)
   at NLog.Targets.FileTarget.WriteBytesToFile(String filename, LogEventInfo firstLogEvent, MemoryStream ms)
   at NLog.Targets.FileTarget.Write(LogEventInfo logEvent)
2026-08-27 22:41:30.5902 Error FileTarget(Name=jsonfile): Failed writing to FileName: 'logs/ckyc-2026-08-27.json' Exception: System.IO.IOException: The process cannot access the file 'D:\ckyccentral\ckyc\src\CKYC.Processor\bin\Debug\net10.0\logs\ckyc-2026-08-27.json' because it is being used by another process.
   at Microsoft.Win32.SafeHandles.SafeFileHandle.CreateFile(String fullPath, FileMode mode, FileAccess access, FileShare share, FileOptions options)
   at Microsoft.Win32.SafeHandles.SafeFileHandle.Open(String fullPath, FileMode mode, FileAccess access, FileShare share, FileOptions options, Int64 preallocationSize, Nullable`1 unixCreateMode)
   at System.IO.Strategies.OSFileStreamStrategy..ctor(String path, FileMode mode, FileAccess access, FileShare share, FileOptions options, Int64 preallocationSize, Nullable`1 unixCreateMode)
   at System.IO.Strategies.FileStreamHelpers.ChooseStrategyCore(String path, FileMode mode, FileAccess access, FileShare share, FileOptions options, Int64 preallocationSize, Nullable`1 unixCreateMode)
   at System.IO.FileStream..ctor(String path, FileMode mode, FileAccess access, FileShare share, Int32 bufferSize)
   at NLog.Targets.FileTarget.CreateFileStream(String filePath, Int32 bufferSize)
   at NLog.Targets.FileTarget.OpenNewFileStream(String filePath, Int32 bufferSize, Boolean initialFileOpen)
   at NLog.Targets.FileTarget.CreateFileStreamWithDirectory(String filePath, Int32 bufferSize, Boolean initialFileOpen)
   at NLog.Targets.FileTarget.CreateFileStreamWithRetry(IFileAppender fileAppender, Int32 bufferSize, Boolean initialFileOpen)
   at NLog.Targets.FileAppenders.ExclusiveFileLockingAppender..ctor(FileTarget fileTarget, String filePath)
   at NLog.Targets.FileTarget.CreateFileAppender(String filePath)
   at NLog.Targets.FileTarget.OpenFile(String filename, LogEventInfo firstLogEvent, Nullable`1 previousFileLastModified, Int32 sequenceNumber)
   at NLog.Targets.FileTarget.WriteBytesToFile(String filename, LogEventInfo firstLogEvent, MemoryStream ms)
   at NLog.Targets.FileTarget.Write(LogEventInfo logEvent)
2026-08-27 22:41:30.6855 Error FileTarget(Name=jsonfile): Failed writing to FileName: 'logs/ckyc-2026-08-27.json' Exception: System.IO.IOException: The process cannot access the file 'D:\ckyccentral\ckyc\src\CKYC.Processor\bin\Debug\net10.0\logs\ckyc-2026-08-27.json' because it is being used by another process.
   at Microsoft.Win32.SafeHandles.SafeFileHandle.CreateFile(String fullPath, FileMode mode, FileAccess access, FileShare share, FileOptions options)
   at Microsoft.Win32.SafeHandles.SafeFileHandle.Open(String fullPath, FileMode mode, FileAccess access, FileShare share, FileOptions options, Int64 preallocationSize, Nullable`1 unixCreateMode)
   at System.IO.Strategies.OSFileStreamStrategy..ctor(String path, FileMode mode, FileAccess access, FileShare share, FileOptions options, Int64 preallocationSize, Nullable`1 unixCreateMode)
   at System.IO.Strategies.FileStreamHelpers.ChooseStrategyCore(String path, FileMode mode, FileAccess access, FileShare share, FileOptions options, Int64 preallocationSize, Nullable`1 unixCreateMode)
   at System.IO.FileStream..ctor(String path, FileMode mode, FileAccess access, FileShare share, Int32 bufferSize)
   at NLog.Targets.FileTarget.CreateFileStream(String filePath, Int32 bufferSize)
   at NLog.Targets.FileTarget.OpenNewFileStream(String filePath, Int32 bufferSize, Boolean initialFileOpen)
   at NLog.Targets.FileTarget.CreateFileStreamWithDirectory(String filePath, Int32 bufferSize, Boolean initialFileOpen)
   at NLog.Targets.FileTarget.CreateFileStreamWithRetry(IFileAppender fileAppender, Int32 bufferSize, Boolean initialFileOpen)
   at NLog.Targets.FileAppenders.ExclusiveFileLockingAppender..ctor(FileTarget fileTarget, String filePath)
   at NLog.Targets.FileTarget.CreateFileAppender(String filePath)
   at NLog.Targets.FileTarget.OpenFile(String filename, LogEventInfo firstLogEvent, Nullable`1 previousFileLastModified, Int32 sequenceNumber)
   at NLog.Targets.FileTarget.WriteBytesToFile(String filename, LogEventInfo firstLogEvent, MemoryStream ms)
   at NLog.Targets.FileTarget.Write(LogEventInfo logEvent)
2026-08-27 22:41:30.6855 Error FileTarget(Name=jsonfile): Failed writing to FileName: 'logs/ckyc-2026-08-27.json' Exception: System.IO.IOException: The process cannot access the file 'D:\ckyccentral\ckyc\src\CKYC.Processor\bin\Debug\net10.0\logs\ckyc-2026-08-27.json' because it is being used by another process.
   at Microsoft.Win32.SafeHandles.SafeFileHandle.CreateFile(String fullPath, FileMode mode, FileAccess access, FileShare share, FileOptions options)
   at Microsoft.Win32.SafeHandles.SafeFileHandle.Open(String fullPath, FileMode mode, FileAccess access, FileShare share, FileOptions options, Int64 preallocationSize, Nullable`1 unixCreateMode)
   at System.IO.Strategies.OSFileStreamStrategy..ctor(String path, FileMode mode, FileAccess access, FileShare share, FileOptions options, Int64 preallocationSize, Nullable`1 unixCreateMode)
   at System.IO.Strategies.FileStreamHelpers.ChooseStrategyCore(String path, FileMode mode, FileAccess access, FileShare share, FileOptions options, Int64 preallocationSize, Nullable`1 unixCreateMode)
   at System.IO.FileStream..ctor(String path, FileMode mode, FileAccess access, FileShare share, Int32 bufferSize)
   at NLog.Targets.FileTarget.CreateFileStream(String filePath, Int32 bufferSize)
   at NLog.Targets.FileTarget.OpenNewFileStream(String filePath, Int32 bufferSize, Boolean initialFileOpen)
   at NLog.Targets.FileTarget.CreateFileStreamWithDirectory(String filePath, Int32 bufferSize, Boolean initialFileOpen)
   at NLog.Targets.FileTarget.CreateFileStreamWithRetry(IFileAppender fileAppender, Int32 bufferSize, Boolean initialFileOpen)
   at NLog.Targets.FileAppenders.ExclusiveFileLockingAppender..ctor(FileTarget fileTarget, String filePath)
   at NLog.Targets.FileTarget.CreateFileAppender(String filePath)
   at NLog.Targets.FileTarget.OpenFile(String filename, LogEventInfo firstLogEvent, Nullable`1 previousFileLastModified, Int32 sequenceNumber)
   at NLog.Targets.FileTarget.WriteBytesToFile(String filename, LogEventInfo firstLogEvent, MemoryStream ms)
   at NLog.Targets.FileTarget.Write(LogEventInfo logEvent)
2026-08-27 22:41:42.0278 Error FileTarget(Name=jsonfile): Failed writing to FileName: 'logs/ckyc-2026-08-27.json' Exception: System.IO.IOException: The process cannot access the file 'D:\ckyccentral\ckyc\src\CKYC.Processor\bin\Debug\net10.0\logs\ckyc-2026-08-27.json' because it is being used by another process.
   at Microsoft.Win32.SafeHandles.SafeFileHandle.CreateFile(String fullPath, FileMode mode, FileAccess access, FileShare share, FileOptions options)
   at Microsoft.Win32.SafeHandles.SafeFileHandle.Open(String fullPath, FileMode mode, FileAccess access, FileShare share, FileOptions options, Int64 preallocationSize, Nullable`1 unixCreateMode)
   at System.IO.Strategies.OSFileStreamStrategy..ctor(String path, FileMode mode, FileAccess access, FileShare share, FileOptions options, Int64 preallocationSize, Nullable`1 unixCreateMode)
   at System.IO.Strategies.FileStreamHelpers.ChooseStrategyCore(String path, FileMode mode, FileAccess access, FileShare share, FileOptions options, Int64 preallocationSize, Nullable`1 unixCreateMode)
   at System.IO.FileStream..ctor(String path, FileMode mode, FileAccess access, FileShare share, Int32 bufferSize)
   at NLog.Targets.FileTarget.CreateFileStream(String filePath, Int32 bufferSize)
   at NLog.Targets.FileTarget.OpenNewFileStream(String filePath, Int32 bufferSize, Boolean initialFileOpen)
   at NLog.Targets.FileTarget.CreateFileStreamWithDirectory(String filePath, Int32 bufferSize, Boolean initialFileOpen)
   at NLog.Targets.FileTarget.CreateFileStreamWithRetry(IFileAppender fileAppender, Int32 bufferSize, Boolean initialFileOpen)
   at NLog.Targets.FileAppenders.ExclusiveFileLockingAppender..ctor(FileTarget fileTarget, String filePath)
   at NLog.Targets.FileTarget.CreateFileAppender(String filePath)
   at NLog.Targets.FileTarget.OpenFile(String filename, LogEventInfo firstLogEvent, Nullable`1 previousFileLastModified, Int32 sequenceNumber)
   at NLog.Targets.FileTarget.WriteBytesToFile(String filename, LogEventInfo firstLogEvent, MemoryStream ms)
   at NLog.Targets.FileTarget.Write(LogEventInfo logEvent)
2026-08-27 22:49:22.2354 Error FileTarget(Name=jsonfile): Failed writing to FileName: 'logs/ckyc-2026-08-27.json' Exception: System.IO.IOException: The process cannot access the file 'D:\ckyccentral\ckyc\src\CKYC.Processor\bin\Debug\net10.0\logs\ckyc-2026-08-27.json' because it is being used by another process.
   at Microsoft.Win32.SafeHandles.SafeFileHandle.CreateFile(String fullPath, FileMode mode, FileAccess access, FileShare share, FileOptions options)
   at Microsoft.Win32.SafeHandles.SafeFileHandle.Open(String fullPath, FileMode mode, FileAccess access, FileShare share, FileOptions options, Int64 preallocationSize, Nullable`1 unixCreateMode)
   at System.IO.Strategies.OSFileStreamStrategy..ctor(String path, FileMode mode, FileAccess access, FileShare share, FileOptions options, Int64 preallocationSize, Nullable`1 unixCreateMode)
   at System.IO.Strategies.FileStreamHelpers.ChooseStrategyCore(String path, FileMode mode, FileAccess access, FileShare share, FileOptions options, Int64 preallocationSize, Nullable`1 unixCreateMode)
   at System.IO.FileStream..ctor(String path, FileMode mode, FileAccess access, FileShare share, Int32 bufferSize)
   at NLog.Targets.FileTarget.CreateFileStream(String filePath, Int32 bufferSize)
   at NLog.Targets.FileTarget.OpenNewFileStream(String filePath, Int32 bufferSize, Boolean initialFileOpen)
   at NLog.Targets.FileTarget.CreateFileStreamWithDirectory(String filePath, Int32 bufferSize, Boolean initialFileOpen)
   at NLog.Targets.FileTarget.CreateFileStreamWithRetry(IFileAppender fileAppender, Int32 bufferSize, Boolean initialFileOpen)
   at NLog.Targets.FileAppenders.ExclusiveFileLockingAppender..ctor(FileTarget fileTarget, String filePath)
   at NLog.Targets.FileTarget.CreateFileAppender(String filePath)
   at NLog.Targets.FileTarget.OpenFile(String filename, LogEventInfo firstLogEvent, Nullable`1 previousFileLastModified, Int32 sequenceNumber)
   at NLog.Targets.FileTarget.WriteBytesToFile(String filename, LogEventInfo firstLogEvent, MemoryStream ms)
   at NLog.Targets.FileTarget.Write(LogEventInfo logEvent)
2026-08-27 22:49:29.5044 Error FileTarget(Name=jsonfile): Failed writing to FileName: 'logs/ckyc-2026-08-27.json' Exception: System.IO.IOException: The process cannot access the file 'D:\ckyccentral\ckyc\src\CKYC.Processor\bin\Debug\net10.0\logs\ckyc-2026-08-27.json' because it is being used by another process.
   at Microsoft.Win32.SafeHandles.SafeFileHandle.CreateFile(String fullPath, FileMode mode, FileAccess access, FileShare share, FileOptions options)
   at Microsoft.Win32.SafeHandles.SafeFileHandle.Open(String fullPath, FileMode mode, FileAccess access, FileShare share, FileOptions options, Int64 preallocationSize, Nullable`1 unixCreateMode)
   at System.IO.Strategies.OSFileStreamStrategy..ctor(String path, FileMode mode, FileAccess access, FileShare share, FileOptions options, Int64 preallocationSize, Nullable`1 unixCreateMode)
   at System.IO.Strategies.FileStreamHelpers.ChooseStrategyCore(String path, FileMode mode, FileAccess access, FileShare share, FileOptions options, Int64 preallocationSize, Nullable`1 unixCreateMode)
   at System.IO.FileStream..ctor(String path, FileMode mode, FileAccess access, FileShare share, Int32 bufferSize)
   at NLog.Targets.FileTarget.CreateFileStream(String filePath, Int32 bufferSize)
   at NLog.Targets.FileTarget.OpenNewFileStream(String filePath, Int32 bufferSize, Boolean initialFileOpen)
   at NLog.Targets.FileTarget.CreateFileStreamWithDirectory(String filePath, Int32 bufferSize, Boolean initialFileOpen)
   at NLog.Targets.FileTarget.CreateFileStreamWithRetry(IFileAppender fileAppender, Int32 bufferSize, Boolean initialFileOpen)
   at NLog.Targets.FileAppenders.ExclusiveFileLockingAppender..ctor(FileTarget fileTarget, String filePath)
   at NLog.Targets.FileTarget.CreateFileAppender(String filePath)
   at NLog.Targets.FileTarget.OpenFile(String filename, LogEventInfo firstLogEvent, Nullable`1 previousFileLastModified, Int32 sequenceNumber)
   at NLog.Targets.FileTarget.WriteBytesToFile(String filename, LogEventInfo firstLogEvent, MemoryStream ms)
   at NLog.Targets.FileTarget.Write(LogEventInfo logEvent)
2026-08-27 22:49:35.6254 Error FileTarget(Name=jsonfile): Failed writing to FileName: 'logs/ckyc-2026-08-27.json' Exception: System.IO.IOException: The process cannot access the file 'D:\ckyccentral\ckyc\src\CKYC.Processor\bin\Debug\net10.0\logs\ckyc-2026-08-27.json' because it is being used by another process.
   at Microsoft.Win32.SafeHandles.SafeFileHandle.CreateFile(String fullPath, FileMode mode, FileAccess access, FileShare share, FileOptions options)
   at Microsoft.Win32.SafeHandles.SafeFileHandle.Open(String fullPath, FileMode mode, FileAccess access, FileShare share, FileOptions options, Int64 preallocationSize, Nullable`1 unixCreateMode)
   at System.IO.Strategies.OSFileStreamStrategy..ctor(String path, FileMode mode, FileAccess access, FileShare share, FileOptions options, Int64 preallocationSize, Nullable`1 unixCreateMode)
   at System.IO.Strategies.FileStreamHelpers.ChooseStrategyCore(String path, FileMode mode, FileAccess access, FileShare share, FileOptions options, Int64 preallocationSize, Nullable`1 unixCreateMode)
   at System.IO.FileStream..ctor(String path, FileMode mode, FileAccess access, FileShare share, Int32 bufferSize)
   at NLog.Targets.FileTarget.CreateFileStream(String filePath, Int32 bufferSize)
   at NLog.Targets.FileTarget.OpenNewFileStream(String filePath, Int32 bufferSize, Boolean initialFileOpen)
   at NLog.Targets.FileTarget.CreateFileStreamWithDirectory(String filePath, Int32 bufferSize, Boolean initialFileOpen)
   at NLog.Targets.FileTarget.CreateFileStreamWithRetry(IFileAppender fileAppender, Int32 bufferSize, Boolean initialFileOpen)
   at NLog.Targets.FileAppenders.ExclusiveFileLockingAppender..ctor(FileTarget fileTarget, String filePath)
   at NLog.Targets.FileTarget.CreateFileAppender(String filePath)
   at NLog.Targets.FileTarget.OpenFile(String filename, LogEventInfo firstLogEvent, Nullable`1 previousFileLastModified, Int32 sequenceNumber)
   at NLog.Targets.FileTarget.WriteBytesToFile(String filename, LogEventInfo firstLogEvent, MemoryStream ms)
   at NLog.Targets.FileTarget.Write(LogEventInfo logEvent)
2026-08-27 22:49:38.1104 Error FileTarget(Name=jsonfile): Failed writing to FileName: 'logs/ckyc-2026-08-27.json' Exception: System.IO.IOException: The process cannot access the file 'D:\ckyccentral\ckyc\src\CKYC.Processor\bin\Debug\net10.0\logs\ckyc-2026-08-27.json' because it is being used by another process.
   at Microsoft.Win32.SafeHandles.SafeFileHandle.CreateFile(String fullPath, FileMode mode, FileAccess access, FileShare share, FileOptions options)
   at Microsoft.Win32.SafeHandles.SafeFileHandle.Open(String fullPath, FileMode mode, FileAccess access, FileShare share, FileOptions options, Int64 preallocationSize, Nullable`1 unixCreateMode)
   at System.IO.Strategies.OSFileStreamStrategy..ctor(String path, FileMode mode, FileAccess access, FileShare share, FileOptions options, Int64 preallocationSize, Nullable`1 unixCreateMode)
   at System.IO.Strategies.FileStreamHelpers.ChooseStrategyCore(String path, FileMode mode, FileAccess access, FileShare share, FileOptions options, Int64 preallocationSize, Nullable`1 unixCreateMode)
   at System.IO.FileStream..ctor(String path, FileMode mode, FileAccess access, FileShare share, Int32 bufferSize)
   at NLog.Targets.FileTarget.CreateFileStream(String filePath, Int32 bufferSize)
   at NLog.Targets.FileTarget.OpenNewFileStream(String filePath, Int32 bufferSize, Boolean initialFileOpen)
   at NLog.Targets.FileTarget.CreateFileStreamWithDirectory(String filePath, Int32 bufferSize, Boolean initialFileOpen)
   at NLog.Targets.FileTarget.CreateFileStreamWithRetry(IFileAppender fileAppender, Int32 bufferSize, Boolean initialFileOpen)
   at NLog.Targets.FileAppenders.ExclusiveFileLockingAppender..ctor(FileTarget fileTarget, String filePath)
   at NLog.Targets.FileTarget.CreateFileAppender(String filePath)
   at NLog.Targets.FileTarget.OpenFile(String filename, LogEventInfo firstLogEvent, Nullable`1 previousFileLastModified, Int32 sequenceNumber)
   at NLog.Targets.FileTarget.WriteBytesToFile(String filename, LogEventInfo firstLogEvent, MemoryStream ms)
   at NLog.Targets.FileTarget.Write(LogEventInfo logEvent)
2026-08-27 22:49:38.1651 Error FileTarget(Name=jsonfile): Failed writing to FileName: 'logs/ckyc-2026-08-27.json' Exception: System.IO.IOException: The process cannot access the file 'D:\ckyccentral\ckyc\src\CKYC.Processor\bin\Debug\net10.0\logs\ckyc-2026-08-27.json' because it is being used by another process.
   at Microsoft.Win32.SafeHandles.SafeFileHandle.CreateFile(String fullPath, FileMode mode, FileAccess access, FileShare share, FileOptions options)
   at Microsoft.Win32.SafeHandles.SafeFileHandle.Open(String fullPath, FileMode mode, FileAccess access, FileShare share, FileOptions options, Int64 preallocationSize, Nullable`1 unixCreateMode)
   at System.IO.Strategies.OSFileStreamStrategy..ctor(String path, FileMode mode, FileAccess access, FileShare share, FileOptions options, Int64 preallocationSize, Nullable`1 unixCreateMode)
   at System.IO.Strategies.FileStreamHelpers.ChooseStrategyCore(String path, FileMode mode, FileAccess access, FileShare share, FileOptions options, Int64 preallocationSize, Nullable`1 unixCreateMode)
   at System.IO.FileStream..ctor(String path, FileMode mode, FileAccess access, FileShare share, Int32 bufferSize)
   at NLog.Targets.FileTarget.CreateFileStream(String filePath, Int32 bufferSize)
   at NLog.Targets.FileTarget.OpenNewFileStream(String filePath, Int32 bufferSize, Boolean initialFileOpen)
   at NLog.Targets.FileTarget.CreateFileStreamWithDirectory(String filePath, Int32 bufferSize, Boolean initialFileOpen)
   at NLog.Targets.FileTarget.CreateFileStreamWithRetry(IFileAppender fileAppender, Int32 bufferSize, Boolean initialFileOpen)
   at NLog.Targets.FileAppenders.ExclusiveFileLockingAppender..ctor(FileTarget fileTarget, String filePath)
   at NLog.Targets.FileTarget.CreateFileAppender(String filePath)
   at NLog.Targets.FileTarget.OpenFile(String filename, LogEventInfo firstLogEvent, Nullable`1 previousFileLastModified, Int32 sequenceNumber)
   at NLog.Targets.FileTarget.WriteBytesToFile(String filename, LogEventInfo firstLogEvent, MemoryStream ms)
   at NLog.Targets.FileTarget.Write(LogEventInfo logEvent)
2026-08-27 22:49:38.2839 Error FileTarget(Name=jsonfile): Failed writing to FileName: 'logs/ckyc-2026-08-27.json' Exception: System.IO.IOException: The process cannot access the file 'D:\ckyccentral\ckyc\src\CKYC.Processor\bin\Debug\net10.0\logs\ckyc-2026-08-27.json' because it is being used by another process.
   at Microsoft.Win32.SafeHandles.SafeFileHandle.CreateFile(String fullPath, FileMode mode, FileAccess access, FileShare share, FileOptions options)
   at Microsoft.Win32.SafeHandles.SafeFileHandle.Open(String fullPath, FileMode mode, FileAccess access, FileShare share, FileOptions options, Int64 preallocationSize, Nullable`1 unixCreateMode)
   at System.IO.Strategies.OSFileStreamStrategy..ctor(String path, FileMode mode, FileAccess access, FileShare share, FileOptions options, Int64 preallocationSize, Nullable`1 unixCreateMode)
   at System.IO.Strategies.FileStreamHelpers.ChooseStrategyCore(String path, FileMode mode, FileAccess access, FileShare share, FileOptions options, Int64 preallocationSize, Nullable`1 unixCreateMode)
   at System.IO.FileStream..ctor(String path, FileMode mode, FileAccess access, FileShare share, Int32 bufferSize)
   at NLog.Targets.FileTarget.CreateFileStream(String filePath, Int32 bufferSize)
   at NLog.Targets.FileTarget.OpenNewFileStream(String filePath, Int32 bufferSize, Boolean initialFileOpen)
   at NLog.Targets.FileTarget.CreateFileStreamWithDirectory(String filePath, Int32 bufferSize, Boolean initialFileOpen)
   at NLog.Targets.FileTarget.CreateFileStreamWithRetry(IFileAppender fileAppender, Int32 bufferSize, Boolean initialFileOpen)
   at NLog.Targets.FileAppenders.ExclusiveFileLockingAppender..ctor(FileTarget fileTarget, String filePath)
   at NLog.Targets.FileTarget.CreateFileAppender(String filePath)
   at NLog.Targets.FileTarget.OpenFile(String filename, LogEventInfo firstLogEvent, Nullable`1 previousFileLastModified, Int32 sequenceNumber)
   at NLog.Targets.FileTarget.WriteBytesToFile(String filename, LogEventInfo firstLogEvent, MemoryStream ms)
   at NLog.Targets.FileTarget.Write(LogEventInfo logEvent)
2026-08-27 22:49:38.2839 Error FileTarget(Name=jsonfile): Failed writing to FileName: 'logs/ckyc-2026-08-27.json' Exception: System.IO.IOException: The process cannot access the file 'D:\ckyccentral\ckyc\src\CKYC.Processor\bin\Debug\net10.0\logs\ckyc-2026-08-27.json' because it is being used by another process.
   at Microsoft.Win32.SafeHandles.SafeFileHandle.CreateFile(String fullPath, FileMode mode, FileAccess access, FileShare share, FileOptions options)
   at Microsoft.Win32.SafeHandles.SafeFileHandle.Open(String fullPath, FileMode mode, FileAccess access, FileShare share, FileOptions options, Int64 preallocationSize, Nullable`1 unixCreateMode)
   at System.IO.Strategies.OSFileStreamStrategy..ctor(String path, FileMode mode, FileAccess access, FileShare share, FileOptions options, Int64 preallocationSize, Nullable`1 unixCreateMode)
   at System.IO.Strategies.FileStreamHelpers.ChooseStrategyCore(String path, FileMode mode, FileAccess access, FileShare share, FileOptions options, Int64 preallocationSize, Nullable`1 unixCreateMode)
   at System.IO.FileStream..ctor(String path, FileMode mode, FileAccess access, FileShare share, Int32 bufferSize)
   at NLog.Targets.FileTarget.CreateFileStream(String filePath, Int32 bufferSize)
   at NLog.Targets.FileTarget.OpenNewFileStream(String filePath, Int32 bufferSize, Boolean initialFileOpen)
   at NLog.Targets.FileTarget.CreateFileStreamWithDirectory(String filePath, Int32 bufferSize, Boolean initialFileOpen)
   at NLog.Targets.FileTarget.CreateFileStreamWithRetry(IFileAppender fileAppender, Int32 bufferSize, Boolean initialFileOpen)
   at NLog.Targets.FileAppenders.ExclusiveFileLockingAppender..ctor(FileTarget fileTarget, String filePath)
   at NLog.Targets.FileTarget.CreateFileAppender(String filePath)
   at NLog.Targets.FileTarget.OpenFile(String filename, LogEventInfo firstLogEvent, Nullable`1 previousFileLastModified, Int32 sequenceNumber)
   at NLog.Targets.FileTarget.WriteBytesToFile(String filename, LogEventInfo firstLogEvent, MemoryStream ms)
   at NLog.Targets.FileTarget.Write(LogEventInfo logEvent)
2026-08-27 22:49:38.2839 Error FileTarget(Name=jsonfile): Failed writing to FileName: 'logs/ckyc-2026-08-27.json' Exception: System.IO.IOException: The process cannot access the file 'D:\ckyccentral\ckyc\src\CKYC.Processor\bin\Debug\net10.0\logs\ckyc-2026-08-27.json' because it is being used by another process.
   at Microsoft.Win32.SafeHandles.SafeFileHandle.CreateFile(String fullPath, FileMode mode, FileAccess access, FileShare share, FileOptions options)
   at Microsoft.Win32.SafeHandles.SafeFileHandle.Open(String fullPath, FileMode mode, FileAccess access, FileShare share, FileOptions options, Int64 preallocationSize, Nullable`1 unixCreateMode)
   at System.IO.Strategies.OSFileStreamStrategy..ctor(String path, FileMode mode, FileAccess access, FileShare share, FileOptions options, Int64 preallocationSize, Nullable`1 unixCreateMode)
   at System.IO.Strategies.FileStreamHelpers.ChooseStrategyCore(String path, FileMode mode, FileAccess access, FileShare share, FileOptions options, Int64 preallocationSize, Nullable`1 unixCreateMode)
   at System.IO.FileStream..ctor(String path, FileMode mode, FileAccess access, FileShare share, Int32 bufferSize)
   at NLog.Targets.FileTarget.CreateFileStream(String filePath, Int32 bufferSize)
   at NLog.Targets.FileTarget.OpenNewFileStream(String filePath, Int32 bufferSize, Boolean initialFileOpen)
   at NLog.Targets.FileTarget.CreateFileStreamWithDirectory(String filePath, Int32 bufferSize, Boolean initialFileOpen)
   at NLog.Targets.FileTarget.CreateFileStreamWithRetry(IFileAppender fileAppender, Int32 bufferSize, Boolean initialFileOpen)
   at NLog.Targets.FileAppenders.ExclusiveFileLockingAppender..ctor(FileTarget fileTarget, String filePath)
   at NLog.Targets.FileTarget.CreateFileAppender(String filePath)
   at NLog.Targets.FileTarget.OpenFile(String filename, LogEventInfo firstLogEvent, Nullable`1 previousFileLastModified, Int32 sequenceNumber)
   at NLog.Targets.FileTarget.WriteBytesToFile(String filename, LogEventInfo firstLogEvent, MemoryStream ms)
   at NLog.Targets.FileTarget.Write(LogEventInfo logEvent)
2026-08-27 22:49:38.2965 Error FileTarget(Name=jsonfile): Failed writing to FileName: 'logs/ckyc-2026-08-27.json' Exception: System.IO.IOException: The process cannot access the file 'D:\ckyccentral\ckyc\src\CKYC.Processor\bin\Debug\net10.0\logs\ckyc-2026-08-27.json' because it is being used by another process.
   at Microsoft.Win32.SafeHandles.SafeFileHandle.CreateFile(String fullPath, FileMode mode, FileAccess access, FileShare share, FileOptions options)
   at Microsoft.Win32.SafeHandles.SafeFileHandle.Open(String fullPath, FileMode mode, FileAccess access, FileShare share, FileOptions options, Int64 preallocationSize, Nullable`1 unixCreateMode)
   at System.IO.Strategies.OSFileStreamStrategy..ctor(String path, FileMode mode, FileAccess access, FileShare share, FileOptions options, Int64 preallocationSize, Nullable`1 unixCreateMode)
   at System.IO.Strategies.FileStreamHelpers.ChooseStrategyCore(String path, FileMode mode, FileAccess access, FileShare share, FileOptions options, Int64 preallocationSize, Nullable`1 unixCreateMode)
   at System.IO.FileStream..ctor(String path, FileMode mode, FileAccess access, FileShare share, Int32 bufferSize)
   at NLog.Targets.FileTarget.CreateFileStream(String filePath, Int32 bufferSize)
   at NLog.Targets.FileTarget.OpenNewFileStream(String filePath, Int32 bufferSize, Boolean initialFileOpen)
   at NLog.Targets.FileTarget.CreateFileStreamWithDirectory(String filePath, Int32 bufferSize, Boolean initialFileOpen)
   at NLog.Targets.FileTarget.CreateFileStreamWithRetry(IFileAppender fileAppender, Int32 bufferSize, Boolean initialFileOpen)
   at NLog.Targets.FileAppenders.ExclusiveFileLockingAppender..ctor(FileTarget fileTarget, String filePath)
   at NLog.Targets.FileTarget.CreateFileAppender(String filePath)
   at NLog.Targets.FileTarget.OpenFile(String filename, LogEventInfo firstLogEvent, Nullable`1 previousFileLastModified, Int32 sequenceNumber)
   at NLog.Targets.FileTarget.WriteBytesToFile(String filename, LogEventInfo firstLogEvent, MemoryStream ms)
   at NLog.Targets.FileTarget.Write(LogEventInfo logEvent)
2026-08-27 22:49:38.4099 Error FileTarget(Name=jsonfile): Failed writing to FileName: 'logs/ckyc-2026-08-27.json' Exception: System.IO.IOException: The process cannot access the file 'D:\ckyccentral\ckyc\src\CKYC.Processor\bin\Debug\net10.0\logs\ckyc-2026-08-27.json' because it is being used by another process.
   at Microsoft.Win32.SafeHandles.SafeFileHandle.CreateFile(String fullPath, FileMode mode, FileAccess access, FileShare share, FileOptions options)
   at Microsoft.Win32.SafeHandles.SafeFileHandle.Open(String fullPath, FileMode mode, FileAccess access, FileShare share, FileOptions options, Int64 preallocationSize, Nullable`1 unixCreateMode)
   at System.IO.Strategies.OSFileStreamStrategy..ctor(String path, FileMode mode, FileAccess access, FileShare share, FileOptions options, Int64 preallocationSize, Nullable`1 unixCreateMode)
   at System.IO.Strategies.FileStreamHelpers.ChooseStrategyCore(String path, FileMode mode, FileAccess access, FileShare share, FileOptions options, Int64 preallocationSize, Nullable`1 unixCreateMode)
   at System.IO.FileStream..ctor(String path, FileMode mode, FileAccess access, FileShare share, Int32 bufferSize)
   at NLog.Targets.FileTarget.CreateFileStream(String filePath, Int32 bufferSize)
   at NLog.Targets.FileTarget.OpenNewFileStream(String filePath, Int32 bufferSize, Boolean initialFileOpen)
   at NLog.Targets.FileTarget.CreateFileStreamWithDirectory(String filePath, Int32 bufferSize, Boolean initialFileOpen)
   at NLog.Targets.FileTarget.CreateFileStreamWithRetry(IFileAppender fileAppender, Int32 bufferSize, Boolean initialFileOpen)
   at NLog.Targets.FileAppenders.ExclusiveFileLockingAppender..ctor(FileTarget fileTarget, String filePath)
   at NLog.Targets.FileTarget.CreateFileAppender(String filePath)
   at NLog.Targets.FileTarget.OpenFile(String filename, LogEventInfo firstLogEvent, Nullable`1 previousFileLastModified, Int32 sequenceNumber)
   at NLog.Targets.FileTarget.WriteBytesToFile(String filename, LogEventInfo firstLogEvent, MemoryStream ms)
   at NLog.Targets.FileTarget.Write(LogEventInfo logEvent)
2026-08-27 22:49:38.4099 Error FileTarget(Name=jsonfile): Failed writing to FileName: 'logs/ckyc-2026-08-27.json' Exception: System.IO.IOException: The process cannot access the file 'D:\ckyccentral\ckyc\src\CKYC.Processor\bin\Debug\net10.0\logs\ckyc-2026-08-27.json' because it is being used by another process.
   at Microsoft.Win32.SafeHandles.SafeFileHandle.CreateFile(String fullPath, FileMode mode, FileAccess access, FileShare share, FileOptions options)
   at Microsoft.Win32.SafeHandles.SafeFileHandle.Open(String fullPath, FileMode mode, FileAccess access, FileShare share, FileOptions options, Int64 preallocationSize, Nullable`1 unixCreateMode)
   at System.IO.Strategies.OSFileStreamStrategy..ctor(String path, FileMode mode, FileAccess access, FileShare share, FileOptions options, Int64 preallocationSize, Nullable`1 unixCreateMode)
   at System.IO.Strategies.FileStreamHelpers.ChooseStrategyCore(String path, FileMode mode, FileAccess access, FileShare share, FileOptions options, Int64 preallocationSize, Nullable`1 unixCreateMode)
   at System.IO.FileStream..ctor(String path, FileMode mode, FileAccess access, FileShare share, Int32 bufferSize)
   at NLog.Targets.FileTarget.CreateFileStream(String filePath, Int32 bufferSize)
   at NLog.Targets.FileTarget.OpenNewFileStream(String filePath, Int32 bufferSize, Boolean initialFileOpen)
   at NLog.Targets.FileTarget.CreateFileStreamWithDirectory(String filePath, Int32 bufferSize, Boolean initialFileOpen)
   at NLog.Targets.FileTarget.CreateFileStreamWithRetry(IFileAppender fileAppender, Int32 bufferSize, Boolean initialFileOpen)
   at NLog.Targets.FileAppenders.ExclusiveFileLockingAppender..ctor(FileTarget fileTarget, String filePath)
   at NLog.Targets.FileTarget.CreateFileAppender(String filePath)
   at NLog.Targets.FileTarget.OpenFile(String filename, LogEventInfo firstLogEvent, Nullable`1 previousFileLastModified, Int32 sequenceNumber)
   at NLog.Targets.FileTarget.WriteBytesToFile(String filename, LogEventInfo firstLogEvent, MemoryStream ms)
   at NLog.Targets.FileTarget.Write(LogEventInfo logEvent)
2026-08-27 22:53:59.7975 Error FileTarget(Name=jsonfile): Failed writing to FileName: 'logs/ckyc-2026-08-27.json' Exception: System.IO.IOException: The process cannot access the file 'D:\ckyccentral\ckyc\src\CKYC.Processor\bin\Debug\net10.0\logs\ckyc-2026-08-27.json' because it is being used by another process.
   at Microsoft.Win32.SafeHandles.SafeFileHandle.CreateFile(String fullPath, FileMode mode, FileAccess access, FileShare share, FileOptions options)
   at Microsoft.Win32.SafeHandles.SafeFileHandle.Open(String fullPath, FileMode mode, FileAccess access, FileShare share, FileOptions options, Int64 preallocationSize, Nullable`1 unixCreateMode)
   at System.IO.Strategies.OSFileStreamStrategy..ctor(String path, FileMode mode, FileAccess access, FileShare share, FileOptions options, Int64 preallocationSize, Nullable`1 unixCreateMode)
   at System.IO.Strategies.FileStreamHelpers.ChooseStrategyCore(String path, FileMode mode, FileAccess access, FileShare share, FileOptions options, Int64 preallocationSize, Nullable`1 unixCreateMode)
   at System.IO.FileStream..ctor(String path, FileMode mode, FileAccess access, FileShare share, Int32 bufferSize)
   at NLog.Targets.FileTarget.CreateFileStream(String filePath, Int32 bufferSize)
   at NLog.Targets.FileTarget.OpenNewFileStream(String filePath, Int32 bufferSize, Boolean initialFileOpen)
   at NLog.Targets.FileTarget.CreateFileStreamWithDirectory(String filePath, Int32 bufferSize, Boolean initialFileOpen)
   at NLog.Targets.FileTarget.CreateFileStreamWithRetry(IFileAppender fileAppender, Int32 bufferSize, Boolean initialFileOpen)
   at NLog.Targets.FileAppenders.ExclusiveFileLockingAppender..ctor(FileTarget fileTarget, String filePath)
   at NLog.Targets.FileTarget.CreateFileAppender(String filePath)
   at NLog.Targets.FileTarget.OpenFile(String filename, LogEventInfo firstLogEvent, Nullable`1 previousFileLastModified, Int32 sequenceNumber)
   at NLog.Targets.FileTarget.WriteBytesToFile(String filename, LogEventInfo firstLogEvent, MemoryStream ms)
   at NLog.Targets.FileTarget.Write(LogEventInfo logEvent)
2026-08-27 22:53:59.8123 Error FileTarget(Name=jsonfile): Failed writing to FileName: 'logs/ckyc-2026-08-27.json' Exception: System.IO.IOException: The process cannot access the file 'D:\ckyccentral\ckyc\src\CKYC.Processor\bin\Debug\net10.0\logs\ckyc-2026-08-27.json' because it is being used by another process.
   at Microsoft.Win32.SafeHandles.SafeFileHandle.CreateFile(String fullPath, FileMode mode, FileAccess access, FileShare share, FileOptions options)
   at Microsoft.Win32.SafeHandles.SafeFileHandle.Open(String fullPath, FileMode mode, FileAccess access, FileShare share, FileOptions options, Int64 preallocationSize, Nullable`1 unixCreateMode)
   at System.IO.Strategies.OSFileStreamStrategy..ctor(String path, FileMode mode, FileAccess access, FileShare share, FileOptions options, Int64 preallocationSize, Nullable`1 unixCreateMode)
   at System.IO.Strategies.FileStreamHelpers.ChooseStrategyCore(String path, FileMode mode, FileAccess access, FileShare share, FileOptions options, Int64 preallocationSize, Nullable`1 unixCreateMode)
   at System.IO.FileStream..ctor(String path, FileMode mode, FileAccess access, FileShare share, Int32 bufferSize)
   at NLog.Targets.FileTarget.CreateFileStream(String filePath, Int32 bufferSize)
   at NLog.Targets.FileTarget.OpenNewFileStream(String filePath, Int32 bufferSize, Boolean initialFileOpen)
   at NLog.Targets.FileTarget.CreateFileStreamWithDirectory(String filePath, Int32 bufferSize, Boolean initialFileOpen)
   at NLog.Targets.FileTarget.CreateFileStreamWithRetry(IFileAppender fileAppender, Int32 bufferSize, Boolean initialFileOpen)
   at NLog.Targets.FileAppenders.ExclusiveFileLockingAppender..ctor(FileTarget fileTarget, String filePath)
   at NLog.Targets.FileTarget.CreateFileAppender(String filePath)
   at NLog.Targets.FileTarget.OpenFile(String filename, LogEventInfo firstLogEvent, Nullable`1 previousFileLastModified, Int32 sequenceNumber)
   at NLog.Targets.FileTarget.WriteBytesToFile(String filename, LogEventInfo firstLogEvent, MemoryStream ms)
   at NLog.Targets.FileTarget.Write(LogEventInfo logEvent)
2026-08-27 22:53:59.8123 Error FileTarget(Name=jsonfile): Failed writing to FileName: 'logs/ckyc-2026-08-27.json' Exception: System.IO.IOException: The process cannot access the file 'D:\ckyccentral\ckyc\src\CKYC.Processor\bin\Debug\net10.0\logs\ckyc-2026-08-27.json' because it is being used by another process.
   at Microsoft.Win32.SafeHandles.SafeFileHandle.CreateFile(String fullPath, FileMode mode, FileAccess access, FileShare share, FileOptions options)
   at Microsoft.Win32.SafeHandles.SafeFileHandle.Open(String fullPath, FileMode mode, FileAccess access, FileShare share, FileOptions options, Int64 preallocationSize, Nullable`1 unixCreateMode)
   at System.IO.Strategies.OSFileStreamStrategy..ctor(String path, FileMode mode, FileAccess access, FileShare share, FileOptions options, Int64 preallocationSize, Nullable`1 unixCreateMode)
   at System.IO.Strategies.FileStreamHelpers.ChooseStrategyCore(String path, FileMode mode, FileAccess access, FileShare share, FileOptions options, Int64 preallocationSize, Nullable`1 unixCreateMode)
   at System.IO.FileStream..ctor(String path, FileMode mode, FileAccess access, FileShare share, Int32 bufferSize)
   at NLog.Targets.FileTarget.CreateFileStream(String filePath, Int32 bufferSize)
   at NLog.Targets.FileTarget.OpenNewFileStream(String filePath, Int32 bufferSize, Boolean initialFileOpen)
   at NLog.Targets.FileTarget.CreateFileStreamWithDirectory(String filePath, Int32 bufferSize, Boolean initialFileOpen)
   at NLog.Targets.FileTarget.CreateFileStreamWithRetry(IFileAppender fileAppender, Int32 bufferSize, Boolean initialFileOpen)
   at NLog.Targets.FileAppenders.ExclusiveFileLockingAppender..ctor(FileTarget fileTarget, String filePath)
   at NLog.Targets.FileTarget.CreateFileAppender(String filePath)
   at NLog.Targets.FileTarget.OpenFile(String filename, LogEventInfo firstLogEvent, Nullable`1 previousFileLastModified, Int32 sequenceNumber)
   at NLog.Targets.FileTarget.WriteBytesToFile(String filename, LogEventInfo firstLogEvent, MemoryStream ms)
   at NLog.Targets.FileTarget.Write(LogEventInfo logEvent)
2026-08-27 22:54:12.5467 Error FileTarget(Name=jsonfile): Failed writing to FileName: 'logs/ckyc-2026-08-27.json' Exception: System.IO.IOException: The process cannot access the file 'D:\ckyccentral\ckyc\src\CKYC.Processor\bin\Debug\net10.0\logs\ckyc-2026-08-27.json' because it is being used by another process.
   at Microsoft.Win32.SafeHandles.SafeFileHandle.CreateFile(String fullPath, FileMode mode, FileAccess access, FileShare share, FileOptions options)
   at Microsoft.Win32.SafeHandles.SafeFileHandle.Open(String fullPath, FileMode mode, FileAccess access, FileShare share, FileOptions options, Int64 preallocationSize, Nullable`1 unixCreateMode)
   at System.IO.Strategies.OSFileStreamStrategy..ctor(String path, FileMode mode, FileAccess access, FileShare share, FileOptions options, Int64 preallocationSize, Nullable`1 unixCreateMode)
   at System.IO.Strategies.FileStreamHelpers.ChooseStrategyCore(String path, FileMode mode, FileAccess access, FileShare share, FileOptions options, Int64 preallocationSize, Nullable`1 unixCreateMode)
   at System.IO.FileStream..ctor(String path, FileMode mode, FileAccess access, FileShare share, Int32 bufferSize)
   at NLog.Targets.FileTarget.CreateFileStream(String filePath, Int32 bufferSize)
   at NLog.Targets.FileTarget.OpenNewFileStream(String filePath, Int32 bufferSize, Boolean initialFileOpen)
   at NLog.Targets.FileTarget.CreateFileStreamWithDirectory(String filePath, Int32 bufferSize, Boolean initialFileOpen)
   at NLog.Targets.FileTarget.CreateFileStreamWithRetry(IFileAppender fileAppender, Int32 bufferSize, Boolean initialFileOpen)
   at NLog.Targets.FileAppenders.ExclusiveFileLockingAppender..ctor(FileTarget fileTarget, String filePath)
   at NLog.Targets.FileTarget.CreateFileAppender(String filePath)
   at NLog.Targets.FileTarget.OpenFile(String filename, LogEventInfo firstLogEvent, Nullable`1 previousFileLastModified, Int32 sequenceNumber)
   at NLog.Targets.FileTarget.WriteBytesToFile(String filename, LogEventInfo firstLogEvent, MemoryStream ms)
   at NLog.Targets.FileTarget.Write(LogEventInfo logEvent)
2026-08-27 22:54:12.5590 Error FileTarget(Name=jsonfile): Failed writing to FileName: 'logs/ckyc-2026-08-27.json' Exception: System.IO.IOException: The process cannot access the file 'D:\ckyccentral\ckyc\src\CKYC.Processor\bin\Debug\net10.0\logs\ckyc-2026-08-27.json' because it is being used by another process.
   at Microsoft.Win32.SafeHandles.SafeFileHandle.CreateFile(String fullPath, FileMode mode, FileAccess access, FileShare share, FileOptions options)
   at Microsoft.Win32.SafeHandles.SafeFileHandle.Open(String fullPath, FileMode mode, FileAccess access, FileShare share, FileOptions options, Int64 preallocationSize, Nullable`1 unixCreateMode)
   at System.IO.Strategies.OSFileStreamStrategy..ctor(String path, FileMode mode, FileAccess access, FileShare share, FileOptions options, Int64 preallocationSize, Nullable`1 unixCreateMode)
   at System.IO.Strategies.FileStreamHelpers.ChooseStrategyCore(String path, FileMode mode, FileAccess access, FileShare share, FileOptions options, Int64 preallocationSize, Nullable`1 unixCreateMode)
   at System.IO.FileStream..ctor(String path, FileMode mode, FileAccess access, FileShare share, Int32 bufferSize)
   at NLog.Targets.FileTarget.CreateFileStream(String filePath, Int32 bufferSize)
   at NLog.Targets.FileTarget.OpenNewFileStream(String filePath, Int32 bufferSize, Boolean initialFileOpen)
   at NLog.Targets.FileTarget.CreateFileStreamWithDirectory(String filePath, Int32 bufferSize, Boolean initialFileOpen)
   at NLog.Targets.FileTarget.CreateFileStreamWithRetry(IFileAppender fileAppender, Int32 bufferSize, Boolean initialFileOpen)
   at NLog.Targets.FileAppenders.ExclusiveFileLockingAppender..ctor(FileTarget fileTarget, String filePath)
   at NLog.Targets.FileTarget.CreateFileAppender(String filePath)
   at NLog.Targets.FileTarget.OpenFile(String filename, LogEventInfo firstLogEvent, Nullable`1 previousFileLastModified, Int32 sequenceNumber)
   at NLog.Targets.FileTarget.WriteBytesToFile(String filename, LogEventInfo firstLogEvent, MemoryStream ms)
   at NLog.Targets.FileTarget.Write(LogEventInfo logEvent)
2026-08-27 22:54:18.6703 Error FileTarget(Name=jsonfile): Failed writing to FileName: 'logs/ckyc-2026-08-27.json' Exception: System.IO.IOException: The process cannot access the file 'D:\ckyccentral\ckyc\src\CKYC.Processor\bin\Debug\net10.0\logs\ckyc-2026-08-27.json' because it is being used by another process.
   at Microsoft.Win32.SafeHandles.SafeFileHandle.CreateFile(String fullPath, FileMode mode, FileAccess access, FileShare share, FileOptions options)
   at Microsoft.Win32.SafeHandles.SafeFileHandle.Open(String fullPath, FileMode mode, FileAccess access, FileShare share, FileOptions options, Int64 preallocationSize, Nullable`1 unixCreateMode)
   at System.IO.Strategies.OSFileStreamStrategy..ctor(String path, FileMode mode, FileAccess access, FileShare share, FileOptions options, Int64 preallocationSize, Nullable`1 unixCreateMode)
   at System.IO.Strategies.FileStreamHelpers.ChooseStrategyCore(String path, FileMode mode, FileAccess access, FileShare share, FileOptions options, Int64 preallocationSize, Nullable`1 unixCreateMode)
   at System.IO.FileStream..ctor(String path, FileMode mode, FileAccess access, FileShare share, Int32 bufferSize)
   at NLog.Targets.FileTarget.CreateFileStream(String filePath, Int32 bufferSize)
   at NLog.Targets.FileTarget.OpenNewFileStream(String filePath, Int32 bufferSize, Boolean initialFileOpen)
   at NLog.Targets.FileTarget.CreateFileStreamWithDirectory(String filePath, Int32 bufferSize, Boolean initialFileOpen)
   at NLog.Targets.FileTarget.CreateFileStreamWithRetry(IFileAppender fileAppender, Int32 bufferSize, Boolean initialFileOpen)
   at NLog.Targets.FileAppenders.ExclusiveFileLockingAppender..ctor(FileTarget fileTarget, String filePath)
   at NLog.Targets.FileTarget.CreateFileAppender(String filePath)
   at NLog.Targets.FileTarget.OpenFile(String filename, LogEventInfo firstLogEvent, Nullable`1 previousFileLastModified, Int32 sequenceNumber)
   at NLog.Targets.FileTarget.WriteBytesToFile(String filename, LogEventInfo firstLogEvent, MemoryStream ms)
   at NLog.Targets.FileTarget.Write(LogEventInfo logEvent)
2026-08-27 22:54:20.9524 Error FileTarget(Name=jsonfile): Failed writing to FileName: 'logs/ckyc-2026-08-27.json' Exception: System.IO.IOException: The process cannot access the file 'D:\ckyccentral\ckyc\src\CKYC.Processor\bin\Debug\net10.0\logs\ckyc-2026-08-27.json' because it is being used by another process.
   at Microsoft.Win32.SafeHandles.SafeFileHandle.CreateFile(String fullPath, FileMode mode, FileAccess access, FileShare share, FileOptions options)
   at Microsoft.Win32.SafeHandles.SafeFileHandle.Open(String fullPath, FileMode mode, FileAccess access, FileShare share, FileOptions options, Int64 preallocationSize, Nullable`1 unixCreateMode)
   at System.IO.Strategies.OSFileStreamStrategy..ctor(String path, FileMode mode, FileAccess access, FileShare share, FileOptions options, Int64 preallocationSize, Nullable`1 unixCreateMode)
   at System.IO.Strategies.FileStreamHelpers.ChooseStrategyCore(String path, FileMode mode, FileAccess access, FileShare share, FileOptions options, Int64 preallocationSize, Nullable`1 unixCreateMode)
   at System.IO.FileStream..ctor(String path, FileMode mode, FileAccess access, FileShare share, Int32 bufferSize)
   at NLog.Targets.FileTarget.CreateFileStream(String filePath, Int32 bufferSize)
   at NLog.Targets.FileTarget.OpenNewFileStream(String filePath, Int32 bufferSize, Boolean initialFileOpen)
   at NLog.Targets.FileTarget.CreateFileStreamWithDirectory(String filePath, Int32 bufferSize, Boolean initialFileOpen)
   at NLog.Targets.FileTarget.CreateFileStreamWithRetry(IFileAppender fileAppender, Int32 bufferSize, Boolean initialFileOpen)
   at NLog.Targets.FileAppenders.ExclusiveFileLockingAppender..ctor(FileTarget fileTarget, String filePath)
   at NLog.Targets.FileTarget.CreateFileAppender(String filePath)
   at NLog.Targets.FileTarget.OpenFile(String filename, LogEventInfo firstLogEvent, Nullable`1 previousFileLastModified, Int32 sequenceNumber)
   at NLog.Targets.FileTarget.WriteBytesToFile(String filename, LogEventInfo firstLogEvent, MemoryStream ms)
   at NLog.Targets.FileTarget.Write(LogEventInfo logEvent)
2026-08-27 22:54:20.9967 Error FileTarget(Name=jsonfile): Failed writing to FileName: 'logs/ckyc-2026-08-27.json' Exception: System.IO.IOException: The process cannot access the file 'D:\ckyccentral\ckyc\src\CKYC.Processor\bin\Debug\net10.0\logs\ckyc-2026-08-27.json' because it is being used by another process.
   at Microsoft.Win32.SafeHandles.SafeFileHandle.CreateFile(String fullPath, FileMode mode, FileAccess access, FileShare share, FileOptions options)
   at Microsoft.Win32.SafeHandles.SafeFileHandle.Open(String fullPath, FileMode mode, FileAccess access, FileShare share, FileOptions options, Int64 preallocationSize, Nullable`1 unixCreateMode)
   at System.IO.Strategies.OSFileStreamStrategy..ctor(String path, FileMode mode, FileAccess access, FileShare share, FileOptions options, Int64 preallocationSize, Nullable`1 unixCreateMode)
   at System.IO.Strategies.FileStreamHelpers.ChooseStrategyCore(String path, FileMode mode, FileAccess access, FileShare share, FileOptions options, Int64 preallocationSize, Nullable`1 unixCreateMode)
   at System.IO.FileStream..ctor(String path, FileMode mode, FileAccess access, FileShare share, Int32 bufferSize)
   at NLog.Targets.FileTarget.CreateFileStream(String filePath, Int32 bufferSize)
   at NLog.Targets.FileTarget.OpenNewFileStream(String filePath, Int32 bufferSize, Boolean initialFileOpen)
   at NLog.Targets.FileTarget.CreateFileStreamWithDirectory(String filePath, Int32 bufferSize, Boolean initialFileOpen)
   at NLog.Targets.FileTarget.CreateFileStreamWithRetry(IFileAppender fileAppender, Int32 bufferSize, Boolean initialFileOpen)
   at NLog.Targets.FileAppenders.ExclusiveFileLockingAppender..ctor(FileTarget fileTarget, String filePath)
   at NLog.Targets.FileTarget.CreateFileAppender(String filePath)
   at NLog.Targets.FileTarget.OpenFile(String filename, LogEventInfo firstLogEvent, Nullable`1 previousFileLastModified, Int32 sequenceNumber)
   at NLog.Targets.FileTarget.WriteBytesToFile(String filename, LogEventInfo firstLogEvent, MemoryStream ms)
   at NLog.Targets.FileTarget.Write(LogEventInfo logEvent)
2026-08-27 22:54:21.1011 Error FileTarget(Name=jsonfile): Failed writing to FileName: 'logs/ckyc-2026-08-27.json' Exception: System.IO.IOException: The process cannot access the file 'D:\ckyccentral\ckyc\src\CKYC.Processor\bin\Debug\net10.0\logs\ckyc-2026-08-27.json' because it is being used by another process.
   at Microsoft.Win32.SafeHandles.SafeFileHandle.CreateFile(String fullPath, FileMode mode, FileAccess access, FileShare share, FileOptions options)
   at Microsoft.Win32.SafeHandles.SafeFileHandle.Open(String fullPath, FileMode mode, FileAccess access, FileShare share, FileOptions options, Int64 preallocationSize, Nullable`1 unixCreateMode)
   at System.IO.Strategies.OSFileStreamStrategy..ctor(String path, FileMode mode, FileAccess access, FileShare share, FileOptions options, Int64 preallocationSize, Nullable`1 unixCreateMode)
   at System.IO.Strategies.FileStreamHelpers.ChooseStrategyCore(String path, FileMode mode, FileAccess access, FileShare share, FileOptions options, Int64 preallocationSize, Nullable`1 unixCreateMode)
   at System.IO.FileStream..ctor(String path, FileMode mode, FileAccess access, FileShare share, Int32 bufferSize)
   at NLog.Targets.FileTarget.CreateFileStream(String filePath, Int32 bufferSize)
   at NLog.Targets.FileTarget.OpenNewFileStream(String filePath, Int32 bufferSize, Boolean initialFileOpen)
   at NLog.Targets.FileTarget.CreateFileStreamWithDirectory(String filePath, Int32 bufferSize, Boolean initialFileOpen)
   at NLog.Targets.FileTarget.CreateFileStreamWithRetry(IFileAppender fileAppender, Int32 bufferSize, Boolean initialFileOpen)
   at NLog.Targets.FileAppenders.ExclusiveFileLockingAppender..ctor(FileTarget fileTarget, String filePath)
   at NLog.Targets.FileTarget.CreateFileAppender(String filePath)
   at NLog.Targets.FileTarget.OpenFile(String filename, LogEventInfo firstLogEvent, Nullable`1 previousFileLastModified, Int32 sequenceNumber)
   at NLog.Targets.FileTarget.WriteBytesToFile(String filename, LogEventInfo firstLogEvent, MemoryStream ms)
   at NLog.Targets.FileTarget.Write(LogEventInfo logEvent)
2026-08-27 22:54:21.1011 Error FileTarget(Name=jsonfile): Failed writing to FileName: 'logs/ckyc-2026-08-27.json' Exception: System.IO.IOException: The process cannot access the file 'D:\ckyccentral\ckyc\src\CKYC.Processor\bin\Debug\net10.0\logs\ckyc-2026-08-27.json' because it is being used by another process.
   at Microsoft.Win32.SafeHandles.SafeFileHandle.CreateFile(String fullPath, FileMode mode, FileAccess access, FileShare share, FileOptions options)
   at Microsoft.Win32.SafeHandles.SafeFileHandle.Open(String fullPath, FileMode mode, FileAccess access, FileShare share, FileOptions options, Int64 preallocationSize, Nullable`1 unixCreateMode)
   at System.IO.Strategies.OSFileStreamStrategy..ctor(String path, FileMode mode, FileAccess access, FileShare share, FileOptions options, Int64 preallocationSize, Nullable`1 unixCreateMode)
   at System.IO.Strategies.FileStreamHelpers.ChooseStrategyCore(String path, FileMode mode, FileAccess access, FileShare share, FileOptions options, Int64 preallocationSize, Nullable`1 unixCreateMode)
   at System.IO.FileStream..ctor(String path, FileMode mode, FileAccess access, FileShare share, Int32 bufferSize)
   at NLog.Targets.FileTarget.CreateFileStream(String filePath, Int32 bufferSize)
   at NLog.Targets.FileTarget.OpenNewFileStream(String filePath, Int32 bufferSize, Boolean initialFileOpen)
   at NLog.Targets.FileTarget.CreateFileStreamWithDirectory(String filePath, Int32 bufferSize, Boolean initialFileOpen)
   at NLog.Targets.FileTarget.CreateFileStreamWithRetry(IFileAppender fileAppender, Int32 bufferSize, Boolean initialFileOpen)
   at NLog.Targets.FileAppenders.ExclusiveFileLockingAppender..ctor(FileTarget fileTarget, String filePath)
   at NLog.Targets.FileTarget.CreateFileAppender(String filePath)
   at NLog.Targets.FileTarget.OpenFile(String filename, LogEventInfo firstLogEvent, Nullable`1 previousFileLastModified, Int32 sequenceNumber)
   at NLog.Targets.FileTarget.WriteBytesToFile(String filename, LogEventInfo firstLogEvent, MemoryStream ms)
   at NLog.Targets.FileTarget.Write(LogEventInfo logEvent)
2026-08-27 22:54:21.1082 Error FileTarget(Name=jsonfile): Failed writing to FileName: 'logs/ckyc-2026-08-27.json' Exception: System.IO.IOException: The process cannot access the file 'D:\ckyccentral\ckyc\src\CKYC.Processor\bin\Debug\net10.0\logs\ckyc-2026-08-27.json' because it is being used by another process.
   at Microsoft.Win32.SafeHandles.SafeFileHandle.CreateFile(String fullPath, FileMode mode, FileAccess access, FileShare share, FileOptions options)
   at Microsoft.Win32.SafeHandles.SafeFileHandle.Open(String fullPath, FileMode mode, FileAccess access, FileShare share, FileOptions options, Int64 preallocationSize, Nullable`1 unixCreateMode)
   at System.IO.Strategies.OSFileStreamStrategy..ctor(String path, FileMode mode, FileAccess access, FileShare share, FileOptions options, Int64 preallocationSize, Nullable`1 unixCreateMode)
   at System.IO.Strategies.FileStreamHelpers.ChooseStrategyCore(String path, FileMode mode, FileAccess access, FileShare share, FileOptions options, Int64 preallocationSize, Nullable`1 unixCreateMode)
   at System.IO.FileStream..ctor(String path, FileMode mode, FileAccess access, FileShare share, Int32 bufferSize)
   at NLog.Targets.FileTarget.CreateFileStream(String filePath, Int32 bufferSize)
   at NLog.Targets.FileTarget.OpenNewFileStream(String filePath, Int32 bufferSize, Boolean initialFileOpen)
   at NLog.Targets.FileTarget.CreateFileStreamWithDirectory(String filePath, Int32 bufferSize, Boolean initialFileOpen)
   at NLog.Targets.FileTarget.CreateFileStreamWithRetry(IFileAppender fileAppender, Int32 bufferSize, Boolean initialFileOpen)
   at NLog.Targets.FileAppenders.ExclusiveFileLockingAppender..ctor(FileTarget fileTarget, String filePath)
   at NLog.Targets.FileTarget.CreateFileAppender(String filePath)
   at NLog.Targets.FileTarget.OpenFile(String filename, LogEventInfo firstLogEvent, Nullable`1 previousFileLastModified, Int32 sequenceNumber)
   at NLog.Targets.FileTarget.WriteBytesToFile(String filename, LogEventInfo firstLogEvent, MemoryStream ms)
   at NLog.Targets.FileTarget.Write(LogEventInfo logEvent)
2026-08-27 22:54:21.2345 Error FileTarget(Name=jsonfile): Failed writing to FileName: 'logs/ckyc-2026-08-27.json' Exception: System.IO.IOException: The process cannot access the file 'D:\ckyccentral\ckyc\src\CKYC.Processor\bin\Debug\net10.0\logs\ckyc-2026-08-27.json' because it is being used by another process.
   at Microsoft.Win32.SafeHandles.SafeFileHandle.CreateFile(String fullPath, FileMode mode, FileAccess access, FileShare share, FileOptions options)
   at Microsoft.Win32.SafeHandles.SafeFileHandle.Open(String fullPath, FileMode mode, FileAccess access, FileShare share, FileOptions options, Int64 preallocationSize, Nullable`1 unixCreateMode)
   at System.IO.Strategies.OSFileStreamStrategy..ctor(String path, FileMode mode, FileAccess access, FileShare share, FileOptions options, Int64 preallocationSize, Nullable`1 unixCreateMode)
   at System.IO.Strategies.FileStreamHelpers.ChooseStrategyCore(String path, FileMode mode, FileAccess access, FileShare share, FileOptions options, Int64 preallocationSize, Nullable`1 unixCreateMode)
   at System.IO.FileStream..ctor(String path, FileMode mode, FileAccess access, FileShare share, Int32 bufferSize)
   at NLog.Targets.FileTarget.CreateFileStream(String filePath, Int32 bufferSize)
   at NLog.Targets.FileTarget.OpenNewFileStream(String filePath, Int32 bufferSize, Boolean initialFileOpen)
   at NLog.Targets.FileTarget.CreateFileStreamWithDirectory(String filePath, Int32 bufferSize, Boolean initialFileOpen)
   at NLog.Targets.FileTarget.CreateFileStreamWithRetry(IFileAppender fileAppender, Int32 bufferSize, Boolean initialFileOpen)
   at NLog.Targets.FileAppenders.ExclusiveFileLockingAppender..ctor(FileTarget fileTarget, String filePath)
   at NLog.Targets.FileTarget.CreateFileAppender(String filePath)
   at NLog.Targets.FileTarget.OpenFile(String filename, LogEventInfo firstLogEvent, Nullable`1 previousFileLastModified, Int32 sequenceNumber)
   at NLog.Targets.FileTarget.WriteBytesToFile(String filename, LogEventInfo firstLogEvent, MemoryStream ms)
   at NLog.Targets.FileTarget.Write(LogEventInfo logEvent)
2026-08-27 22:54:21.2345 Error FileTarget(Name=jsonfile): Failed writing to FileName: 'logs/ckyc-2026-08-27.json' Exception: System.IO.IOException: The process cannot access the file 'D:\ckyccentral\ckyc\src\CKYC.Processor\bin\Debug\net10.0\logs\ckyc-2026-08-27.json' because it is being used by another process.
   at Microsoft.Win32.SafeHandles.SafeFileHandle.CreateFile(String fullPath, FileMode mode, FileAccess access, FileShare share, FileOptions options)
   at Microsoft.Win32.SafeHandles.SafeFileHandle.Open(String fullPath, FileMode mode, FileAccess access, FileShare share, FileOptions options, Int64 preallocationSize, Nullable`1 unixCreateMode)
   at System.IO.Strategies.OSFileStreamStrategy..ctor(String path, FileMode mode, FileAccess access, FileShare share, FileOptions options, Int64 preallocationSize, Nullable`1 unixCreateMode)
   at System.IO.Strategies.FileStreamHelpers.ChooseStrategyCore(String path, FileMode mode, FileAccess access, FileShare share, FileOptions options, Int64 preallocationSize, Nullable`1 unixCreateMode)
   at System.IO.FileStream..ctor(String path, FileMode mode, FileAccess access, FileShare share, Int32 bufferSize)
   at NLog.Targets.FileTarget.CreateFileStream(String filePath, Int32 bufferSize)
   at NLog.Targets.FileTarget.OpenNewFileStream(String filePath, Int32 bufferSize, Boolean initialFileOpen)
   at NLog.Targets.FileTarget.CreateFileStreamWithDirectory(String filePath, Int32 bufferSize, Boolean initialFileOpen)
   at NLog.Targets.FileTarget.CreateFileStreamWithRetry(IFileAppender fileAppender, Int32 bufferSize, Boolean initialFileOpen)
   at NLog.Targets.FileAppenders.ExclusiveFileLockingAppender..ctor(FileTarget fileTarget, String filePath)
   at NLog.Targets.FileTarget.CreateFileAppender(String filePath)
   at NLog.Targets.FileTarget.OpenFile(String filename, LogEventInfo firstLogEvent, Nullable`1 previousFileLastModified, Int32 sequenceNumber)
   at NLog.Targets.FileTarget.WriteBytesToFile(String filename, LogEventInfo firstLogEvent, MemoryStream ms)
   at NLog.Targets.FileTarget.Write(LogEventInfo logEvent)
2026-08-27 22:54:34.5954 Error FileTarget(Name=jsonfile): Failed writing to FileName: 'logs/ckyc-2026-08-27.json' Exception: System.IO.IOException: The process cannot access the file 'D:\ckyccentral\ckyc\src\CKYC.Processor\bin\Debug\net10.0\logs\ckyc-2026-08-27.json' because it is being used by another process.
   at Microsoft.Win32.SafeHandles.SafeFileHandle.CreateFile(String fullPath, FileMode mode, FileAccess access, FileShare share, FileOptions options)
   at Microsoft.Win32.SafeHandles.SafeFileHandle.Open(String fullPath, FileMode mode, FileAccess access, FileShare share, FileOptions options, Int64 preallocationSize, Nullable`1 unixCreateMode)
   at System.IO.Strategies.OSFileStreamStrategy..ctor(String path, FileMode mode, FileAccess access, FileShare share, FileOptions options, Int64 preallocationSize, Nullable`1 unixCreateMode)
   at System.IO.Strategies.FileStreamHelpers.ChooseStrategyCore(String path, FileMode mode, FileAccess access, FileShare share, FileOptions options, Int64 preallocationSize, Nullable`1 unixCreateMode)
   at System.IO.FileStream..ctor(String path, FileMode mode, FileAccess access, FileShare share, Int32 bufferSize)
   at NLog.Targets.FileTarget.CreateFileStream(String filePath, Int32 bufferSize)
   at NLog.Targets.FileTarget.OpenNewFileStream(String filePath, Int32 bufferSize, Boolean initialFileOpen)
   at NLog.Targets.FileTarget.CreateFileStreamWithDirectory(String filePath, Int32 bufferSize, Boolean initialFileOpen)
   at NLog.Targets.FileTarget.CreateFileStreamWithRetry(IFileAppender fileAppender, Int32 bufferSize, Boolean initialFileOpen)
   at NLog.Targets.FileAppenders.ExclusiveFileLockingAppender..ctor(FileTarget fileTarget, String filePath)
   at NLog.Targets.FileTarget.CreateFileAppender(String filePath)
   at NLog.Targets.FileTarget.OpenFile(String filename, LogEventInfo firstLogEvent, Nullable`1 previousFileLastModified, Int32 sequenceNumber)
   at NLog.Targets.FileTarget.WriteBytesToFile(String filename, LogEventInfo firstLogEvent, MemoryStream ms)
   at NLog.Targets.FileTarget.Write(LogEventInfo logEvent)
2026-08-27 22:54:34.5954 Error FileTarget(Name=jsonfile): Failed writing to FileName: 'logs/ckyc-2026-08-27.json' Exception: System.IO.IOException: The process cannot access the file 'D:\ckyccentral\ckyc\src\CKYC.Processor\bin\Debug\net10.0\logs\ckyc-2026-08-27.json' because it is being used by another process.
   at Microsoft.Win32.SafeHandles.SafeFileHandle.CreateFile(String fullPath, FileMode mode, FileAccess access, FileShare share, FileOptions options)
   at Microsoft.Win32.SafeHandles.SafeFileHandle.Open(String fullPath, FileMode mode, FileAccess access, FileShare share, FileOptions options, Int64 preallocationSize, Nullable`1 unixCreateMode)
   at System.IO.Strategies.OSFileStreamStrategy..ctor(String path, FileMode mode, FileAccess access, FileShare share, FileOptions options, Int64 preallocationSize, Nullable`1 unixCreateMode)
   at System.IO.Strategies.FileStreamHelpers.ChooseStrategyCore(String path, FileMode mode, FileAccess access, FileShare share, FileOptions options, Int64 preallocationSize, Nullable`1 unixCreateMode)
   at System.IO.FileStream..ctor(String path, FileMode mode, FileAccess access, FileShare share, Int32 bufferSize)
   at NLog.Targets.FileTarget.CreateFileStream(String filePath, Int32 bufferSize)
   at NLog.Targets.FileTarget.OpenNewFileStream(String filePath, Int32 bufferSize, Boolean initialFileOpen)
   at NLog.Targets.FileTarget.CreateFileStreamWithDirectory(String filePath, Int32 bufferSize, Boolean initialFileOpen)
   at NLog.Targets.FileTarget.CreateFileStreamWithRetry(IFileAppender fileAppender, Int32 bufferSize, Boolean initialFileOpen)
   at NLog.Targets.FileAppenders.ExclusiveFileLockingAppender..ctor(FileTarget fileTarget, String filePath)
   at NLog.Targets.FileTarget.CreateFileAppender(String filePath)
   at NLog.Targets.FileTarget.OpenFile(String filename, LogEventInfo firstLogEvent, Nullable`1 previousFileLastModified, Int32 sequenceNumber)
   at NLog.Targets.FileTarget.WriteBytesToFile(String filename, LogEventInfo firstLogEvent, MemoryStream ms)
   at NLog.Targets.FileTarget.Write(LogEventInfo logEvent)
2026-08-27 22:54:55.0763 Error FileTarget(Name=jsonfile): Failed writing to FileName: 'logs/ckyc-2026-08-27.json' Exception: System.IO.IOException: The process cannot access the file 'D:\ckyccentral\ckyc\src\CKYC.Processor\bin\Debug\net10.0\logs\ckyc-2026-08-27.json' because it is being used by another process.
   at Microsoft.Win32.SafeHandles.SafeFileHandle.CreateFile(String fullPath, FileMode mode, FileAccess access, FileShare share, FileOptions options)
   at Microsoft.Win32.SafeHandles.SafeFileHandle.Open(String fullPath, FileMode mode, FileAccess access, FileShare share, FileOptions options, Int64 preallocationSize, Nullable`1 unixCreateMode)
   at System.IO.Strategies.OSFileStreamStrategy..ctor(String path, FileMode mode, FileAccess access, FileShare share, FileOptions options, Int64 preallocationSize, Nullable`1 unixCreateMode)
   at System.IO.Strategies.FileStreamHelpers.ChooseStrategyCore(String path, FileMode mode, FileAccess access, FileShare share, FileOptions options, Int64 preallocationSize, Nullable`1 unixCreateMode)
   at System.IO.FileStream..ctor(String path, FileMode mode, FileAccess access, FileShare share, Int32 bufferSize)
   at NLog.Targets.FileTarget.CreateFileStream(String filePath, Int32 bufferSize)
   at NLog.Targets.FileTarget.OpenNewFileStream(String filePath, Int32 bufferSize, Boolean initialFileOpen)
   at NLog.Targets.FileTarget.CreateFileStreamWithDirectory(String filePath, Int32 bufferSize, Boolean initialFileOpen)
   at NLog.Targets.FileTarget.CreateFileStreamWithRetry(IFileAppender fileAppender, Int32 bufferSize, Boolean initialFileOpen)
   at NLog.Targets.FileAppenders.ExclusiveFileLockingAppender..ctor(FileTarget fileTarget, String filePath)
   at NLog.Targets.FileTarget.CreateFileAppender(String filePath)
   at NLog.Targets.FileTarget.OpenFile(String filename, LogEventInfo firstLogEvent, Nullable`1 previousFileLastModified, Int32 sequenceNumber)
   at NLog.Targets.FileTarget.WriteBytesToFile(String filename, LogEventInfo firstLogEvent, MemoryStream ms)
   at NLog.Targets.FileTarget.Write(LogEventInfo logEvent)
2026-08-27 22:54:55.1475 Error FileTarget(Name=jsonfile): Failed writing to FileName: 'logs/ckyc-2026-08-27.json' Exception: System.IO.IOException: The process cannot access the file 'D:\ckyccentral\ckyc\src\CKYC.Processor\bin\Debug\net10.0\logs\ckyc-2026-08-27.json' because it is being used by another process.
   at Microsoft.Win32.SafeHandles.SafeFileHandle.CreateFile(String fullPath, FileMode mode, FileAccess access, FileShare share, FileOptions options)
   at Microsoft.Win32.SafeHandles.SafeFileHandle.Open(String fullPath, FileMode mode, FileAccess access, FileShare share, FileOptions options, Int64 preallocationSize, Nullable`1 unixCreateMode)
   at System.IO.Strategies.OSFileStreamStrategy..ctor(String path, FileMode mode, FileAccess access, FileShare share, FileOptions options, Int64 preallocationSize, Nullable`1 unixCreateMode)
   at System.IO.Strategies.FileStreamHelpers.ChooseStrategyCore(String path, FileMode mode, FileAccess access, FileShare share, FileOptions options, Int64 preallocationSize, Nullable`1 unixCreateMode)
   at System.IO.FileStream..ctor(String path, FileMode mode, FileAccess access, FileShare share, Int32 bufferSize)
   at NLog.Targets.FileTarget.CreateFileStream(String filePath, Int32 bufferSize)
   at NLog.Targets.FileTarget.OpenNewFileStream(String filePath, Int32 bufferSize, Boolean initialFileOpen)
   at NLog.Targets.FileTarget.CreateFileStreamWithDirectory(String filePath, Int32 bufferSize, Boolean initialFileOpen)
   at NLog.Targets.FileTarget.CreateFileStreamWithRetry(IFileAppender fileAppender, Int32 bufferSize, Boolean initialFileOpen)
   at NLog.Targets.FileAppenders.ExclusiveFileLockingAppender..ctor(FileTarget fileTarget, String filePath)
   at NLog.Targets.FileTarget.CreateFileAppender(String filePath)
   at NLog.Targets.FileTarget.OpenFile(String filename, LogEventInfo firstLogEvent, Nullable`1 previousFileLastModified, Int32 sequenceNumber)
   at NLog.Targets.FileTarget.WriteBytesToFile(String filename, LogEventInfo firstLogEvent, MemoryStream ms)
   at NLog.Targets.FileTarget.Write(LogEventInfo logEvent)
2026-08-27 22:54:55.2103 Error FileTarget(Name=jsonfile): Failed writing to FileName: 'logs/ckyc-2026-08-27.json' Exception: System.IO.IOException: The process cannot access the file 'D:\ckyccentral\ckyc\src\CKYC.Processor\bin\Debug\net10.0\logs\ckyc-2026-08-27.json' because it is being used by another process.
   at Microsoft.Win32.SafeHandles.SafeFileHandle.CreateFile(String fullPath, FileMode mode, FileAccess access, FileShare share, FileOptions options)
   at Microsoft.Win32.SafeHandles.SafeFileHandle.Open(String fullPath, FileMode mode, FileAccess access, FileShare share, FileOptions options, Int64 preallocationSize, Nullable`1 unixCreateMode)
   at System.IO.Strategies.OSFileStreamStrategy..ctor(String path, FileMode mode, FileAccess access, FileShare share, FileOptions options, Int64 preallocationSize, Nullable`1 unixCreateMode)
   at System.IO.Strategies.FileStreamHelpers.ChooseStrategyCore(String path, FileMode mode, FileAccess access, FileShare share, FileOptions options, Int64 preallocationSize, Nullable`1 unixCreateMode)
   at System.IO.FileStream..ctor(String path, FileMode mode, FileAccess access, FileShare share, Int32 bufferSize)
   at NLog.Targets.FileTarget.CreateFileStream(String filePath, Int32 bufferSize)
   at NLog.Targets.FileTarget.OpenNewFileStream(String filePath, Int32 bufferSize, Boolean initialFileOpen)
   at NLog.Targets.FileTarget.CreateFileStreamWithDirectory(String filePath, Int32 bufferSize, Boolean initialFileOpen)
   at NLog.Targets.FileTarget.CreateFileStreamWithRetry(IFileAppender fileAppender, Int32 bufferSize, Boolean initialFileOpen)
   at NLog.Targets.FileAppenders.ExclusiveFileLockingAppender..ctor(FileTarget fileTarget, String filePath)
   at NLog.Targets.FileTarget.CreateFileAppender(String filePath)
   at NLog.Targets.FileTarget.OpenFile(String filename, LogEventInfo firstLogEvent, Nullable`1 previousFileLastModified, Int32 sequenceNumber)
   at NLog.Targets.FileTarget.WriteBytesToFile(String filename, LogEventInfo firstLogEvent, MemoryStream ms)
   at NLog.Targets.FileTarget.Write(LogEventInfo logEvent)
2026-08-27 22:54:55.2775 Error FileTarget(Name=jsonfile): Failed writing to FileName: 'logs/ckyc-2026-08-27.json' Exception: System.IO.IOException: The process cannot access the file 'D:\ckyccentral\ckyc\src\CKYC.Processor\bin\Debug\net10.0\logs\ckyc-2026-08-27.json' because it is being used by another process.
   at Microsoft.Win32.SafeHandles.SafeFileHandle.CreateFile(String fullPath, FileMode mode, FileAccess access, FileShare share, FileOptions options)
   at Microsoft.Win32.SafeHandles.SafeFileHandle.Open(String fullPath, FileMode mode, FileAccess access, FileShare share, FileOptions options, Int64 preallocationSize, Nullable`1 unixCreateMode)
   at System.IO.Strategies.OSFileStreamStrategy..ctor(String path, FileMode mode, FileAccess access, FileShare share, FileOptions options, Int64 preallocationSize, Nullable`1 unixCreateMode)
   at System.IO.Strategies.FileStreamHelpers.ChooseStrategyCore(String path, FileMode mode, FileAccess access, FileShare share, FileOptions options, Int64 preallocationSize, Nullable`1 unixCreateMode)
   at System.IO.FileStream..ctor(String path, FileMode mode, FileAccess access, FileShare share, Int32 bufferSize)
   at NLog.Targets.FileTarget.CreateFileStream(String filePath, Int32 bufferSize)
   at NLog.Targets.FileTarget.OpenNewFileStream(String filePath, Int32 bufferSize, Boolean initialFileOpen)
   at NLog.Targets.FileTarget.CreateFileStreamWithDirectory(String filePath, Int32 bufferSize, Boolean initialFileOpen)
   at NLog.Targets.FileTarget.CreateFileStreamWithRetry(IFileAppender fileAppender, Int32 bufferSize, Boolean initialFileOpen)
   at NLog.Targets.FileAppenders.ExclusiveFileLockingAppender..ctor(FileTarget fileTarget, String filePath)
   at NLog.Targets.FileTarget.CreateFileAppender(String filePath)
   at NLog.Targets.FileTarget.OpenFile(String filename, LogEventInfo firstLogEvent, Nullable`1 previousFileLastModified, Int32 sequenceNumber)
   at NLog.Targets.FileTarget.WriteBytesToFile(String filename, LogEventInfo firstLogEvent, MemoryStream ms)
   at NLog.Targets.FileTarget.Write(LogEventInfo logEvent)
2026-08-27 22:54:55.2775 Error FileTarget(Name=jsonfile): Failed writing to FileName: 'logs/ckyc-2026-08-27.json' Exception: System.IO.IOException: The process cannot access the file 'D:\ckyccentral\ckyc\src\CKYC.Processor\bin\Debug\net10.0\logs\ckyc-2026-08-27.json' because it is being used by another process.
   at Microsoft.Win32.SafeHandles.SafeFileHandle.CreateFile(String fullPath, FileMode mode, FileAccess access, FileShare share, FileOptions options)
   at Microsoft.Win32.SafeHandles.SafeFileHandle.Open(String fullPath, FileMode mode, FileAccess access, FileShare share, FileOptions options, Int64 preallocationSize, Nullable`1 unixCreateMode)
   at System.IO.Strategies.OSFileStreamStrategy..ctor(String path, FileMode mode, FileAccess access, FileShare share, FileOptions options, Int64 preallocationSize, Nullable`1 unixCreateMode)
   at System.IO.Strategies.FileStreamHelpers.ChooseStrategyCore(String path, FileMode mode, FileAccess access, FileShare share, FileOptions options, Int64 preallocationSize, Nullable`1 unixCreateMode)
   at System.IO.FileStream..ctor(String path, FileMode mode, FileAccess access, FileShare share, Int32 bufferSize)
   at NLog.Targets.FileTarget.CreateFileStream(String filePath, Int32 bufferSize)
   at NLog.Targets.FileTarget.OpenNewFileStream(String filePath, Int32 bufferSize, Boolean initialFileOpen)
   at NLog.Targets.FileTarget.CreateFileStreamWithDirectory(String filePath, Int32 bufferSize, Boolean initialFileOpen)
   at NLog.Targets.FileTarget.CreateFileStreamWithRetry(IFileAppender fileAppender, Int32 bufferSize, Boolean initialFileOpen)
   at NLog.Targets.FileAppenders.ExclusiveFileLockingAppender..ctor(FileTarget fileTarget, String filePath)
   at NLog.Targets.FileTarget.CreateFileAppender(String filePath)
   at NLog.Targets.FileTarget.OpenFile(String filename, LogEventInfo firstLogEvent, Nullable`1 previousFileLastModified, Int32 sequenceNumber)
   at NLog.Targets.FileTarget.WriteBytesToFile(String filename, LogEventInfo firstLogEvent, MemoryStream ms)
   at NLog.Targets.FileTarget.Write(LogEventInfo logEvent)
2026-08-27 22:55:04.6600 Error FileTarget(Name=jsonfile): Failed writing to FileName: 'logs/ckyc-2026-08-27.json' Exception: System.IO.IOException: The process cannot access the file 'D:\ckyccentral\ckyc\src\CKYC.Processor\bin\Debug\net10.0\logs\ckyc-2026-08-27.json' because it is being used by another process.
   at Microsoft.Win32.SafeHandles.SafeFileHandle.CreateFile(String fullPath, FileMode mode, FileAccess access, FileShare share, FileOptions options)
   at Microsoft.Win32.SafeHandles.SafeFileHandle.Open(String fullPath, FileMode mode, FileAccess access, FileShare share, FileOptions options, Int64 preallocationSize, Nullable`1 unixCreateMode)
   at System.IO.Strategies.OSFileStreamStrategy..ctor(String path, FileMode mode, FileAccess access, FileShare share, FileOptions options, Int64 preallocationSize, Nullable`1 unixCreateMode)
   at System.IO.Strategies.FileStreamHelpers.ChooseStrategyCore(String path, FileMode mode, FileAccess access, FileShare share, FileOptions options, Int64 preallocationSize, Nullable`1 unixCreateMode)
   at System.IO.FileStream..ctor(String path, FileMode mode, FileAccess access, FileShare share, Int32 bufferSize)
   at NLog.Targets.FileTarget.CreateFileStream(String filePath, Int32 bufferSize)
   at NLog.Targets.FileTarget.OpenNewFileStream(String filePath, Int32 bufferSize, Boolean initialFileOpen)
   at NLog.Targets.FileTarget.CreateFileStreamWithDirectory(String filePath, Int32 bufferSize, Boolean initialFileOpen)
   at NLog.Targets.FileTarget.CreateFileStreamWithRetry(IFileAppender fileAppender, Int32 bufferSize, Boolean initialFileOpen)
   at NLog.Targets.FileAppenders.ExclusiveFileLockingAppender..ctor(FileTarget fileTarget, String filePath)
   at NLog.Targets.FileTarget.CreateFileAppender(String filePath)
   at NLog.Targets.FileTarget.OpenFile(String filename, LogEventInfo firstLogEvent, Nullable`1 previousFileLastModified, Int32 sequenceNumber)
   at NLog.Targets.FileTarget.WriteBytesToFile(String filename, LogEventInfo firstLogEvent, MemoryStream ms)
   at NLog.Targets.FileTarget.Write(LogEventInfo logEvent)
2026-08-27 22:55:04.6844 Error FileTarget(Name=jsonfile): Failed writing to FileName: 'logs/ckyc-2026-08-27.json' Exception: System.IO.IOException: The process cannot access the file 'D:\ckyccentral\ckyc\src\CKYC.Processor\bin\Debug\net10.0\logs\ckyc-2026-08-27.json' because it is being used by another process.
   at Microsoft.Win32.SafeHandles.SafeFileHandle.CreateFile(String fullPath, FileMode mode, FileAccess access, FileShare share, FileOptions options)
   at Microsoft.Win32.SafeHandles.SafeFileHandle.Open(String fullPath, FileMode mode, FileAccess access, FileShare share, FileOptions options, Int64 preallocationSize, Nullable`1 unixCreateMode)
   at System.IO.Strategies.OSFileStreamStrategy..ctor(String path, FileMode mode, FileAccess access, FileShare share, FileOptions options, Int64 preallocationSize, Nullable`1 unixCreateMode)
   at System.IO.Strategies.FileStreamHelpers.ChooseStrategyCore(String path, FileMode mode, FileAccess access, FileShare share, FileOptions options, Int64 preallocationSize, Nullable`1 unixCreateMode)
   at System.IO.FileStream..ctor(String path, FileMode mode, FileAccess access, FileShare share, Int32 bufferSize)
   at NLog.Targets.FileTarget.CreateFileStream(String filePath, Int32 bufferSize)
   at NLog.Targets.FileTarget.OpenNewFileStream(String filePath, Int32 bufferSize, Boolean initialFileOpen)
   at NLog.Targets.FileTarget.CreateFileStreamWithDirectory(String filePath, Int32 bufferSize, Boolean initialFileOpen)
   at NLog.Targets.FileTarget.CreateFileStreamWithRetry(IFileAppender fileAppender, Int32 bufferSize, Boolean initialFileOpen)
   at NLog.Targets.FileAppenders.ExclusiveFileLockingAppender..ctor(FileTarget fileTarget, String filePath)
   at NLog.Targets.FileTarget.CreateFileAppender(String filePath)
   at NLog.Targets.FileTarget.OpenFile(String filename, LogEventInfo firstLogEvent, Nullable`1 previousFileLastModified, Int32 sequenceNumber)
   at NLog.Targets.FileTarget.WriteBytesToFile(String filename, LogEventInfo firstLogEvent, MemoryStream ms)
   at NLog.Targets.FileTarget.Write(LogEventInfo logEvent)
2026-08-27 22:55:04.6844 Error FileTarget(Name=jsonfile): Failed writing to FileName: 'logs/ckyc-2026-08-27.json' Exception: System.IO.IOException: The process cannot access the file 'D:\ckyccentral\ckyc\src\CKYC.Processor\bin\Debug\net10.0\logs\ckyc-2026-08-27.json' because it is being used by another process.
   at Microsoft.Win32.SafeHandles.SafeFileHandle.CreateFile(String fullPath, FileMode mode, FileAccess access, FileShare share, FileOptions options)
   at Microsoft.Win32.SafeHandles.SafeFileHandle.Open(String fullPath, FileMode mode, FileAccess access, FileShare share, FileOptions options, Int64 preallocationSize, Nullable`1 unixCreateMode)
   at System.IO.Strategies.OSFileStreamStrategy..ctor(String path, FileMode mode, FileAccess access, FileShare share, FileOptions options, Int64 preallocationSize, Nullable`1 unixCreateMode)
   at System.IO.Strategies.FileStreamHelpers.ChooseStrategyCore(String path, FileMode mode, FileAccess access, FileShare share, FileOptions options, Int64 preallocationSize, Nullable`1 unixCreateMode)
   at System.IO.FileStream..ctor(String path, FileMode mode, FileAccess access, FileShare share, Int32 bufferSize)
   at NLog.Targets.FileTarget.CreateFileStream(String filePath, Int32 bufferSize)
   at NLog.Targets.FileTarget.OpenNewFileStream(String filePath, Int32 bufferSize, Boolean initialFileOpen)
   at NLog.Targets.FileTarget.CreateFileStreamWithDirectory(String filePath, Int32 bufferSize, Boolean initialFileOpen)
   at NLog.Targets.FileTarget.CreateFileStreamWithRetry(IFileAppender fileAppender, Int32 bufferSize, Boolean initialFileOpen)
   at NLog.Targets.FileAppenders.ExclusiveFileLockingAppender..ctor(FileTarget fileTarget, String filePath)
   at NLog.Targets.FileTarget.CreateFileAppender(String filePath)
   at NLog.Targets.FileTarget.OpenFile(String filename, LogEventInfo firstLogEvent, Nullable`1 previousFileLastModified, Int32 sequenceNumber)
   at NLog.Targets.FileTarget.WriteBytesToFile(String filename, LogEventInfo firstLogEvent, MemoryStream ms)
   at NLog.Targets.FileTarget.Write(LogEventInfo logEvent)
2026-08-27 22:55:04.6844 Error FileTarget(Name=jsonfile): Failed writing to FileName: 'logs/ckyc-2026-08-27.json' Exception: System.IO.IOException: The process cannot access the file 'D:\ckyccentral\ckyc\src\CKYC.Processor\bin\Debug\net10.0\logs\ckyc-2026-08-27.json' because it is being used by another process.
   at Microsoft.Win32.SafeHandles.SafeFileHandle.CreateFile(String fullPath, FileMode mode, FileAccess access, FileShare share, FileOptions options)
   at Microsoft.Win32.SafeHandles.SafeFileHandle.Open(String fullPath, FileMode mode, FileAccess access, FileShare share, FileOptions options, Int64 preallocationSize, Nullable`1 unixCreateMode)
   at System.IO.Strategies.OSFileStreamStrategy..ctor(String path, FileMode mode, FileAccess access, FileShare share, FileOptions options, Int64 preallocationSize, Nullable`1 unixCreateMode)
   at System.IO.Strategies.FileStreamHelpers.ChooseStrategyCore(String path, FileMode mode, FileAccess access, FileShare share, FileOptions options, Int64 preallocationSize, Nullable`1 unixCreateMode)
   at System.IO.FileStream..ctor(String path, FileMode mode, FileAccess access, FileShare share, Int32 bufferSize)
   at NLog.Targets.FileTarget.CreateFileStream(String filePath, Int32 bufferSize)
   at NLog.Targets.FileTarget.OpenNewFileStream(String filePath, Int32 bufferSize, Boolean initialFileOpen)
   at NLog.Targets.FileTarget.CreateFileStreamWithDirectory(String filePath, Int32 bufferSize, Boolean initialFileOpen)
   at NLog.Targets.FileTarget.CreateFileStreamWithRetry(IFileAppender fileAppender, Int32 bufferSize, Boolean initialFileOpen)
   at NLog.Targets.FileAppenders.ExclusiveFileLockingAppender..ctor(FileTarget fileTarget, String filePath)
   at NLog.Targets.FileTarget.CreateFileAppender(String filePath)
   at NLog.Targets.FileTarget.OpenFile(String filename, LogEventInfo firstLogEvent, Nullable`1 previousFileLastModified, Int32 sequenceNumber)
   at NLog.Targets.FileTarget.WriteBytesToFile(String filename, LogEventInfo firstLogEvent, MemoryStream ms)
   at NLog.Targets.FileTarget.Write(LogEventInfo logEvent)
2026-08-27 22:55:04.6844 Error FileTarget(Name=jsonfile): Failed writing to FileName: 'logs/ckyc-2026-08-27.json' Exception: System.IO.IOException: The process cannot access the file 'D:\ckyccentral\ckyc\src\CKYC.Processor\bin\Debug\net10.0\logs\ckyc-2026-08-27.json' because it is being used by another process.
   at Microsoft.Win32.SafeHandles.SafeFileHandle.CreateFile(String fullPath, FileMode mode, FileAccess access, FileShare share, FileOptions options)
   at Microsoft.Win32.SafeHandles.SafeFileHandle.Open(String fullPath, FileMode mode, FileAccess access, FileShare share, FileOptions options, Int64 preallocationSize, Nullable`1 unixCreateMode)
   at System.IO.Strategies.OSFileStreamStrategy..ctor(String path, FileMode mode, FileAccess access, FileShare share, FileOptions options, Int64 preallocationSize, Nullable`1 unixCreateMode)
   at System.IO.Strategies.FileStreamHelpers.ChooseStrategyCore(String path, FileMode mode, FileAccess access, FileShare share, FileOptions options, Int64 preallocationSize, Nullable`1 unixCreateMode)
   at System.IO.FileStream..ctor(String path, FileMode mode, FileAccess access, FileShare share, Int32 bufferSize)
   at NLog.Targets.FileTarget.CreateFileStream(String filePath, Int32 bufferSize)
   at NLog.Targets.FileTarget.OpenNewFileStream(String filePath, Int32 bufferSize, Boolean initialFileOpen)
   at NLog.Targets.FileTarget.CreateFileStreamWithDirectory(String filePath, Int32 bufferSize, Boolean initialFileOpen)
   at NLog.Targets.FileTarget.CreateFileStreamWithRetry(IFileAppender fileAppender, Int32 bufferSize, Boolean initialFileOpen)
   at NLog.Targets.FileAppenders.ExclusiveFileLockingAppender..ctor(FileTarget fileTarget, String filePath)
   at NLog.Targets.FileTarget.CreateFileAppender(String filePath)
   at NLog.Targets.FileTarget.OpenFile(String filename, LogEventInfo firstLogEvent, Nullable`1 previousFileLastModified, Int32 sequenceNumber)
   at NLog.Targets.FileTarget.WriteBytesToFile(String filename, LogEventInfo firstLogEvent, MemoryStream ms)
   at NLog.Targets.FileTarget.Write(LogEventInfo logEvent)
2026-08-27 22:55:10.5643 Error FileTarget(Name=jsonfile): Failed writing to FileName: 'logs/ckyc-2026-08-27.json' Exception: System.IO.IOException: The process cannot access the file 'D:\ckyccentral\ckyc\src\CKYC.Processor\bin\Debug\net10.0\logs\ckyc-2026-08-27.json' because it is being used by another process.
   at Microsoft.Win32.SafeHandles.SafeFileHandle.CreateFile(String fullPath, FileMode mode, FileAccess access, FileShare share, FileOptions options)
   at Microsoft.Win32.SafeHandles.SafeFileHandle.Open(String fullPath, FileMode mode, FileAccess access, FileShare share, FileOptions options, Int64 preallocationSize, Nullable`1 unixCreateMode)
   at System.IO.Strategies.OSFileStreamStrategy..ctor(String path, FileMode mode, FileAccess access, FileShare share, FileOptions options, Int64 preallocationSize, Nullable`1 unixCreateMode)
   at System.IO.Strategies.FileStreamHelpers.ChooseStrategyCore(String path, FileMode mode, FileAccess access, FileShare share, FileOptions options, Int64 preallocationSize, Nullable`1 unixCreateMode)
   at System.IO.FileStream..ctor(String path, FileMode mode, FileAccess access, FileShare share, Int32 bufferSize)
   at NLog.Targets.FileTarget.CreateFileStream(String filePath, Int32 bufferSize)
   at NLog.Targets.FileTarget.OpenNewFileStream(String filePath, Int32 bufferSize, Boolean initialFileOpen)
   at NLog.Targets.FileTarget.CreateFileStreamWithDirectory(String filePath, Int32 bufferSize, Boolean initialFileOpen)
   at NLog.Targets.FileTarget.CreateFileStreamWithRetry(IFileAppender fileAppender, Int32 bufferSize, Boolean initialFileOpen)
   at NLog.Targets.FileAppenders.ExclusiveFileLockingAppender..ctor(FileTarget fileTarget, String filePath)
   at NLog.Targets.FileTarget.CreateFileAppender(String filePath)
   at NLog.Targets.FileTarget.OpenFile(String filename, LogEventInfo firstLogEvent, Nullable`1 previousFileLastModified, Int32 sequenceNumber)
   at NLog.Targets.FileTarget.WriteBytesToFile(String filename, LogEventInfo firstLogEvent, MemoryStream ms)
   at NLog.Targets.FileTarget.Write(LogEventInfo logEvent)
2026-08-27 22:55:12.9181 Error FileTarget(Name=jsonfile): Failed writing to FileName: 'logs/ckyc-2026-08-27.json' Exception: System.IO.IOException: The process cannot access the file 'D:\ckyccentral\ckyc\src\CKYC.Processor\bin\Debug\net10.0\logs\ckyc-2026-08-27.json' because it is being used by another process.
   at Microsoft.Win32.SafeHandles.SafeFileHandle.CreateFile(String fullPath, FileMode mode, FileAccess access, FileShare share, FileOptions options)
   at Microsoft.Win32.SafeHandles.SafeFileHandle.Open(String fullPath, FileMode mode, FileAccess access, FileShare share, FileOptions options, Int64 preallocationSize, Nullable`1 unixCreateMode)
   at System.IO.Strategies.OSFileStreamStrategy..ctor(String path, FileMode mode, FileAccess access, FileShare share, FileOptions options, Int64 preallocationSize, Nullable`1 unixCreateMode)
   at System.IO.Strategies.FileStreamHelpers.ChooseStrategyCore(String path, FileMode mode, FileAccess access, FileShare share, FileOptions options, Int64 preallocationSize, Nullable`1 unixCreateMode)
   at System.IO.FileStream..ctor(String path, FileMode mode, FileAccess access, FileShare share, Int32 bufferSize)
   at NLog.Targets.FileTarget.CreateFileStream(String filePath, Int32 bufferSize)
   at NLog.Targets.FileTarget.OpenNewFileStream(String filePath, Int32 bufferSize, Boolean initialFileOpen)
   at NLog.Targets.FileTarget.CreateFileStreamWithDirectory(String filePath, Int32 bufferSize, Boolean initialFileOpen)
   at NLog.Targets.FileTarget.CreateFileStreamWithRetry(IFileAppender fileAppender, Int32 bufferSize, Boolean initialFileOpen)
   at NLog.Targets.FileAppenders.ExclusiveFileLockingAppender..ctor(FileTarget fileTarget, String filePath)
   at NLog.Targets.FileTarget.CreateFileAppender(String filePath)
   at NLog.Targets.FileTarget.OpenFile(String filename, LogEventInfo firstLogEvent, Nullable`1 previousFileLastModified, Int32 sequenceNumber)
   at NLog.Targets.FileTarget.WriteBytesToFile(String filename, LogEventInfo firstLogEvent, MemoryStream ms)
   at NLog.Targets.FileTarget.Write(LogEventInfo logEvent)
2026-08-27 22:55:12.9723 Error FileTarget(Name=jsonfile): Failed writing to FileName: 'logs/ckyc-2026-08-27.json' Exception: System.IO.IOException: The process cannot access the file 'D:\ckyccentral\ckyc\src\CKYC.Processor\bin\Debug\net10.0\logs\ckyc-2026-08-27.json' because it is being used by another process.
   at Microsoft.Win32.SafeHandles.SafeFileHandle.CreateFile(String fullPath, FileMode mode, FileAccess access, FileShare share, FileOptions options)
   at Microsoft.Win32.SafeHandles.SafeFileHandle.Open(String fullPath, FileMode mode, FileAccess access, FileShare share, FileOptions options, Int64 preallocationSize, Nullable`1 unixCreateMode)
   at System.IO.Strategies.OSFileStreamStrategy..ctor(String path, FileMode mode, FileAccess access, FileShare share, FileOptions options, Int64 preallocationSize, Nullable`1 unixCreateMode)
   at System.IO.Strategies.FileStreamHelpers.ChooseStrategyCore(String path, FileMode mode, FileAccess access, FileShare share, FileOptions options, Int64 preallocationSize, Nullable`1 unixCreateMode)
   at System.IO.FileStream..ctor(String path, FileMode mode, FileAccess access, FileShare share, Int32 bufferSize)
   at NLog.Targets.FileTarget.CreateFileStream(String filePath, Int32 bufferSize)
   at NLog.Targets.FileTarget.OpenNewFileStream(String filePath, Int32 bufferSize, Boolean initialFileOpen)
   at NLog.Targets.FileTarget.CreateFileStreamWithDirectory(String filePath, Int32 bufferSize, Boolean initialFileOpen)
   at NLog.Targets.FileTarget.CreateFileStreamWithRetry(IFileAppender fileAppender, Int32 bufferSize, Boolean initialFileOpen)
   at NLog.Targets.FileAppenders.ExclusiveFileLockingAppender..ctor(FileTarget fileTarget, String filePath)
   at NLog.Targets.FileTarget.CreateFileAppender(String filePath)
   at NLog.Targets.FileTarget.OpenFile(String filename, LogEventInfo firstLogEvent, Nullable`1 previousFileLastModified, Int32 sequenceNumber)
   at NLog.Targets.FileTarget.WriteBytesToFile(String filename, LogEventInfo firstLogEvent, MemoryStream ms)
   at NLog.Targets.FileTarget.Write(LogEventInfo logEvent)
2026-08-27 22:55:13.0960 Error FileTarget(Name=jsonfile): Failed writing to FileName: 'logs/ckyc-2026-08-27.json' Exception: System.IO.IOException: The process cannot access the file 'D:\ckyccentral\ckyc\src\CKYC.Processor\bin\Debug\net10.0\logs\ckyc-2026-08-27.json' because it is being used by another process.
   at Microsoft.Win32.SafeHandles.SafeFileHandle.CreateFile(String fullPath, FileMode mode, FileAccess access, FileShare share, FileOptions options)
   at Microsoft.Win32.SafeHandles.SafeFileHandle.Open(String fullPath, FileMode mode, FileAccess access, FileShare share, FileOptions options, Int64 preallocationSize, Nullable`1 unixCreateMode)
   at System.IO.Strategies.OSFileStreamStrategy..ctor(String path, FileMode mode, FileAccess access, FileShare share, FileOptions options, Int64 preallocationSize, Nullable`1 unixCreateMode)
   at System.IO.Strategies.FileStreamHelpers.ChooseStrategyCore(String path, FileMode mode, FileAccess access, FileShare share, FileOptions options, Int64 preallocationSize, Nullable`1 unixCreateMode)
   at System.IO.FileStream..ctor(String path, FileMode mode, FileAccess access, FileShare share, Int32 bufferSize)
   at NLog.Targets.FileTarget.CreateFileStream(String filePath, Int32 bufferSize)
   at NLog.Targets.FileTarget.OpenNewFileStream(String filePath, Int32 bufferSize, Boolean initialFileOpen)
   at NLog.Targets.FileTarget.CreateFileStreamWithDirectory(String filePath, Int32 bufferSize, Boolean initialFileOpen)
   at NLog.Targets.FileTarget.CreateFileStreamWithRetry(IFileAppender fileAppender, Int32 bufferSize, Boolean initialFileOpen)
   at NLog.Targets.FileAppenders.ExclusiveFileLockingAppender..ctor(FileTarget fileTarget, String filePath)
   at NLog.Targets.FileTarget.CreateFileAppender(String filePath)
   at NLog.Targets.FileTarget.OpenFile(String filename, LogEventInfo firstLogEvent, Nullable`1 previousFileLastModified, Int32 sequenceNumber)
   at NLog.Targets.FileTarget.WriteBytesToFile(String filename, LogEventInfo firstLogEvent, MemoryStream ms)
   at NLog.Targets.FileTarget.Write(LogEventInfo logEvent)
2026-08-27 22:55:13.0960 Error FileTarget(Name=jsonfile): Failed writing to FileName: 'logs/ckyc-2026-08-27.json' Exception: System.IO.IOException: The process cannot access the file 'D:\ckyccentral\ckyc\src\CKYC.Processor\bin\Debug\net10.0\logs\ckyc-2026-08-27.json' because it is being used by another process.
   at Microsoft.Win32.SafeHandles.SafeFileHandle.CreateFile(String fullPath, FileMode mode, FileAccess access, FileShare share, FileOptions options)
   at Microsoft.Win32.SafeHandles.SafeFileHandle.Open(String fullPath, FileMode mode, FileAccess access, FileShare share, FileOptions options, Int64 preallocationSize, Nullable`1 unixCreateMode)
   at System.IO.Strategies.OSFileStreamStrategy..ctor(String path, FileMode mode, FileAccess access, FileShare share, FileOptions options, Int64 preallocationSize, Nullable`1 unixCreateMode)
   at System.IO.Strategies.FileStreamHelpers.ChooseStrategyCore(String path, FileMode mode, FileAccess access, FileShare share, FileOptions options, Int64 preallocationSize, Nullable`1 unixCreateMode)
   at System.IO.FileStream..ctor(String path, FileMode mode, FileAccess access, FileShare share, Int32 bufferSize)
   at NLog.Targets.FileTarget.CreateFileStream(String filePath, Int32 bufferSize)
   at NLog.Targets.FileTarget.OpenNewFileStream(String filePath, Int32 bufferSize, Boolean initialFileOpen)
   at NLog.Targets.FileTarget.CreateFileStreamWithDirectory(String filePath, Int32 bufferSize, Boolean initialFileOpen)
   at NLog.Targets.FileTarget.CreateFileStreamWithRetry(IFileAppender fileAppender, Int32 bufferSize, Boolean initialFileOpen)
   at NLog.Targets.FileAppenders.ExclusiveFileLockingAppender..ctor(FileTarget fileTarget, String filePath)
   at NLog.Targets.FileTarget.CreateFileAppender(String filePath)
   at NLog.Targets.FileTarget.OpenFile(String filename, LogEventInfo firstLogEvent, Nullable`1 previousFileLastModified, Int32 sequenceNumber)
   at NLog.Targets.FileTarget.WriteBytesToFile(String filename, LogEventInfo firstLogEvent, MemoryStream ms)
   at NLog.Targets.FileTarget.Write(LogEventInfo logEvent)
2026-08-27 22:55:13.1056 Error FileTarget(Name=jsonfile): Failed writing to FileName: 'logs/ckyc-2026-08-27.json' Exception: System.IO.IOException: The process cannot access the file 'D:\ckyccentral\ckyc\src\CKYC.Processor\bin\Debug\net10.0\logs\ckyc-2026-08-27.json' because it is being used by another process.
   at Microsoft.Win32.SafeHandles.SafeFileHandle.CreateFile(String fullPath, FileMode mode, FileAccess access, FileShare share, FileOptions options)
   at Microsoft.Win32.SafeHandles.SafeFileHandle.Open(String fullPath, FileMode mode, FileAccess access, FileShare share, FileOptions options, Int64 preallocationSize, Nullable`1 unixCreateMode)
   at System.IO.Strategies.OSFileStreamStrategy..ctor(String path, FileMode mode, FileAccess access, FileShare share, FileOptions options, Int64 preallocationSize, Nullable`1 unixCreateMode)
   at System.IO.Strategies.FileStreamHelpers.ChooseStrategyCore(String path, FileMode mode, FileAccess access, FileShare share, FileOptions options, Int64 preallocationSize, Nullable`1 unixCreateMode)
   at System.IO.FileStream..ctor(String path, FileMode mode, FileAccess access, FileShare share, Int32 bufferSize)
   at NLog.Targets.FileTarget.CreateFileStream(String filePath, Int32 bufferSize)
   at NLog.Targets.FileTarget.OpenNewFileStream(String filePath, Int32 bufferSize, Boolean initialFileOpen)
   at NLog.Targets.FileTarget.CreateFileStreamWithDirectory(String filePath, Int32 bufferSize, Boolean initialFileOpen)
   at NLog.Targets.FileTarget.CreateFileStreamWithRetry(IFileAppender fileAppender, Int32 bufferSize, Boolean initialFileOpen)
   at NLog.Targets.FileAppenders.ExclusiveFileLockingAppender..ctor(FileTarget fileTarget, String filePath)
   at NLog.Targets.FileTarget.CreateFileAppender(String filePath)
   at NLog.Targets.FileTarget.OpenFile(String filename, LogEventInfo firstLogEvent, Nullable`1 previousFileLastModified, Int32 sequenceNumber)
   at NLog.Targets.FileTarget.WriteBytesToFile(String filename, LogEventInfo firstLogEvent, MemoryStream ms)
   at NLog.Targets.FileTarget.Write(LogEventInfo logEvent)
2026-08-27 22:55:13.2461 Error FileTarget(Name=jsonfile): Failed writing to FileName: 'logs/ckyc-2026-08-27.json' Exception: System.IO.IOException: The process cannot access the file 'D:\ckyccentral\ckyc\src\CKYC.Processor\bin\Debug\net10.0\logs\ckyc-2026-08-27.json' because it is being used by another process.
   at Microsoft.Win32.SafeHandles.SafeFileHandle.CreateFile(String fullPath, FileMode mode, FileAccess access, FileShare share, FileOptions options)
   at Microsoft.Win32.SafeHandles.SafeFileHandle.Open(String fullPath, FileMode mode, FileAccess access, FileShare share, FileOptions options, Int64 preallocationSize, Nullable`1 unixCreateMode)
   at System.IO.Strategies.OSFileStreamStrategy..ctor(String path, FileMode mode, FileAccess access, FileShare share, FileOptions options, Int64 preallocationSize, Nullable`1 unixCreateMode)
   at System.IO.Strategies.FileStreamHelpers.ChooseStrategyCore(String path, FileMode mode, FileAccess access, FileShare share, FileOptions options, Int64 preallocationSize, Nullable`1 unixCreateMode)
   at System.IO.FileStream..ctor(String path, FileMode mode, FileAccess access, FileShare share, Int32 bufferSize)
   at NLog.Targets.FileTarget.CreateFileStream(String filePath, Int32 bufferSize)
   at NLog.Targets.FileTarget.OpenNewFileStream(String filePath, Int32 bufferSize, Boolean initialFileOpen)
   at NLog.Targets.FileTarget.CreateFileStreamWithDirectory(String filePath, Int32 bufferSize, Boolean initialFileOpen)
   at NLog.Targets.FileTarget.CreateFileStreamWithRetry(IFileAppender fileAppender, Int32 bufferSize, Boolean initialFileOpen)
   at NLog.Targets.FileAppenders.ExclusiveFileLockingAppender..ctor(FileTarget fileTarget, String filePath)
   at NLog.Targets.FileTarget.CreateFileAppender(String filePath)
   at NLog.Targets.FileTarget.OpenFile(String filename, LogEventInfo firstLogEvent, Nullable`1 previousFileLastModified, Int32 sequenceNumber)
   at NLog.Targets.FileTarget.WriteBytesToFile(String filename, LogEventInfo firstLogEvent, MemoryStream ms)
   at NLog.Targets.FileTarget.Write(LogEventInfo logEvent)
2026-08-27 22:55:13.2461 Error FileTarget(Name=jsonfile): Failed writing to FileName: 'logs/ckyc-2026-08-27.json' Exception: System.IO.IOException: The process cannot access the file 'D:\ckyccentral\ckyc\src\CKYC.Processor\bin\Debug\net10.0\logs\ckyc-2026-08-27.json' because it is being used by another process.
   at Microsoft.Win32.SafeHandles.SafeFileHandle.CreateFile(String fullPath, FileMode mode, FileAccess access, FileShare share, FileOptions options)
   at Microsoft.Win32.SafeHandles.SafeFileHandle.Open(String fullPath, FileMode mode, FileAccess access, FileShare share, FileOptions options, Int64 preallocationSize, Nullable`1 unixCreateMode)
   at System.IO.Strategies.OSFileStreamStrategy..ctor(String path, FileMode mode, FileAccess access, FileShare share, FileOptions options, Int64 preallocationSize, Nullable`1 unixCreateMode)
   at System.IO.Strategies.FileStreamHelpers.ChooseStrategyCore(String path, FileMode mode, FileAccess access, FileShare share, FileOptions options, Int64 preallocationSize, Nullable`1 unixCreateMode)
   at System.IO.FileStream..ctor(String path, FileMode mode, FileAccess access, FileShare share, Int32 bufferSize)
   at NLog.Targets.FileTarget.CreateFileStream(String filePath, Int32 bufferSize)
   at NLog.Targets.FileTarget.OpenNewFileStream(String filePath, Int32 bufferSize, Boolean initialFileOpen)
   at NLog.Targets.FileTarget.CreateFileStreamWithDirectory(String filePath, Int32 bufferSize, Boolean initialFileOpen)
   at NLog.Targets.FileTarget.CreateFileStreamWithRetry(IFileAppender fileAppender, Int32 bufferSize, Boolean initialFileOpen)
   at NLog.Targets.FileAppenders.ExclusiveFileLockingAppender..ctor(FileTarget fileTarget, String filePath)
   at NLog.Targets.FileTarget.CreateFileAppender(String filePath)
   at NLog.Targets.FileTarget.OpenFile(String filename, LogEventInfo firstLogEvent, Nullable`1 previousFileLastModified, Int32 sequenceNumber)
   at NLog.Targets.FileTarget.WriteBytesToFile(String filename, LogEventInfo firstLogEvent, MemoryStream ms)
   at NLog.Targets.FileTarget.Write(LogEventInfo logEvent)
2026-08-27 22:55:13.2461 Error FileTarget(Name=jsonfile): Failed writing to FileName: 'logs/ckyc-2026-08-27.json' Exception: System.IO.IOException: The process cannot access the file 'D:\ckyccentral\ckyc\src\CKYC.Processor\bin\Debug\net10.0\logs\ckyc-2026-08-27.json' because it is being used by another process.
   at Microsoft.Win32.SafeHandles.SafeFileHandle.CreateFile(String fullPath, FileMode mode, FileAccess access, FileShare share, FileOptions options)
   at Microsoft.Win32.SafeHandles.SafeFileHandle.Open(String fullPath, FileMode mode, FileAccess access, FileShare share, FileOptions options, Int64 preallocationSize, Nullable`1 unixCreateMode)
   at System.IO.Strategies.OSFileStreamStrategy..ctor(String path, FileMode mode, FileAccess access, FileShare share, FileOptions options, Int64 preallocationSize, Nullable`1 unixCreateMode)
   at System.IO.Strategies.FileStreamHelpers.ChooseStrategyCore(String path, FileMode mode, FileAccess access, FileShare share, FileOptions options, Int64 preallocationSize, Nullable`1 unixCreateMode)
   at System.IO.FileStream..ctor(String path, FileMode mode, FileAccess access, FileShare share, Int32 bufferSize)
   at NLog.Targets.FileTarget.CreateFileStream(String filePath, Int32 bufferSize)
   at NLog.Targets.FileTarget.OpenNewFileStream(String filePath, Int32 bufferSize, Boolean initialFileOpen)
   at NLog.Targets.FileTarget.CreateFileStreamWithDirectory(String filePath, Int32 bufferSize, Boolean initialFileOpen)
   at NLog.Targets.FileTarget.CreateFileStreamWithRetry(IFileAppender fileAppender, Int32 bufferSize, Boolean initialFileOpen)
   at NLog.Targets.FileAppenders.ExclusiveFileLockingAppender..ctor(FileTarget fileTarget, String filePath)
   at NLog.Targets.FileTarget.CreateFileAppender(String filePath)
   at NLog.Targets.FileTarget.OpenFile(String filename, LogEventInfo firstLogEvent, Nullable`1 previousFileLastModified, Int32 sequenceNumber)
   at NLog.Targets.FileTarget.WriteBytesToFile(String filename, LogEventInfo firstLogEvent, MemoryStream ms)
   at NLog.Targets.FileTarget.Write(LogEventInfo logEvent)
2026-08-27 22:55:13.2461 Error FileTarget(Name=jsonfile): Failed writing to FileName: 'logs/ckyc-2026-08-27.json' Exception: System.IO.IOException: The process cannot access the file 'D:\ckyccentral\ckyc\src\CKYC.Processor\bin\Debug\net10.0\logs\ckyc-2026-08-27.json' because it is being used by another process.
   at Microsoft.Win32.SafeHandles.SafeFileHandle.CreateFile(String fullPath, FileMode mode, FileAccess access, FileShare share, FileOptions options)
   at Microsoft.Win32.SafeHandles.SafeFileHandle.Open(String fullPath, FileMode mode, FileAccess access, FileShare share, FileOptions options, Int64 preallocationSize, Nullable`1 unixCreateMode)
   at System.IO.Strategies.OSFileStreamStrategy..ctor(String path, FileMode mode, FileAccess access, FileShare share, FileOptions options, Int64 preallocationSize, Nullable`1 unixCreateMode)
   at System.IO.Strategies.FileStreamHelpers.ChooseStrategyCore(String path, FileMode mode, FileAccess access, FileShare share, FileOptions options, Int64 preallocationSize, Nullable`1 unixCreateMode)
   at System.IO.FileStream..ctor(String path, FileMode mode, FileAccess access, FileShare share, Int32 bufferSize)
   at NLog.Targets.FileTarget.CreateFileStream(String filePath, Int32 bufferSize)
   at NLog.Targets.FileTarget.OpenNewFileStream(String filePath, Int32 bufferSize, Boolean initialFileOpen)
   at NLog.Targets.FileTarget.CreateFileStreamWithDirectory(String filePath, Int32 bufferSize, Boolean initialFileOpen)
   at NLog.Targets.FileTarget.CreateFileStreamWithRetry(IFileAppender fileAppender, Int32 bufferSize, Boolean initialFileOpen)
   at NLog.Targets.FileAppenders.ExclusiveFileLockingAppender..ctor(FileTarget fileTarget, String filePath)
   at NLog.Targets.FileTarget.CreateFileAppender(String filePath)
   at NLog.Targets.FileTarget.OpenFile(String filename, LogEventInfo firstLogEvent, Nullable`1 previousFileLastModified, Int32 sequenceNumber)
   at NLog.Targets.FileTarget.WriteBytesToFile(String filename, LogEventInfo firstLogEvent, MemoryStream ms)
   at NLog.Targets.FileTarget.Write(LogEventInfo logEvent)
2026-08-27 22:55:13.2461 Error FileTarget(Name=jsonfile): Failed writing to FileName: 'logs/ckyc-2026-08-27.json' Exception: System.IO.IOException: The process cannot access the file 'D:\ckyccentral\ckyc\src\CKYC.Processor\bin\Debug\net10.0\logs\ckyc-2026-08-27.json' because it is being used by another process.
   at Microsoft.Win32.SafeHandles.SafeFileHandle.CreateFile(String fullPath, FileMode mode, FileAccess access, FileShare share, FileOptions options)
   at Microsoft.Win32.SafeHandles.SafeFileHandle.Open(String fullPath, FileMode mode, FileAccess access, FileShare share, FileOptions options, Int64 preallocationSize, Nullable`1 unixCreateMode)
   at System.IO.Strategies.OSFileStreamStrategy..ctor(String path, FileMode mode, FileAccess access, FileShare share, FileOptions options, Int64 preallocationSize, Nullable`1 unixCreateMode)
   at System.IO.Strategies.FileStreamHelpers.ChooseStrategyCore(String path, FileMode mode, FileAccess access, FileShare share, FileOptions options, Int64 preallocationSize, Nullable`1 unixCreateMode)
   at System.IO.FileStream..ctor(String path, FileMode mode, FileAccess access, FileShare share, Int32 bufferSize)
   at NLog.Targets.FileTarget.CreateFileStream(String filePath, Int32 bufferSize)
   at NLog.Targets.FileTarget.OpenNewFileStream(String filePath, Int32 bufferSize, Boolean initialFileOpen)
   at NLog.Targets.FileTarget.CreateFileStreamWithDirectory(String filePath, Int32 bufferSize, Boolean initialFileOpen)
   at NLog.Targets.FileTarget.CreateFileStreamWithRetry(IFileAppender fileAppender, Int32 bufferSize, Boolean initialFileOpen)
   at NLog.Targets.FileAppenders.ExclusiveFileLockingAppender..ctor(FileTarget fileTarget, String filePath)
   at NLog.Targets.FileTarget.CreateFileAppender(String filePath)
   at NLog.Targets.FileTarget.OpenFile(String filename, LogEventInfo firstLogEvent, Nullable`1 previousFileLastModified, Int32 sequenceNumber)
   at NLog.Targets.FileTarget.WriteBytesToFile(String filename, LogEventInfo firstLogEvent, MemoryStream ms)
   at NLog.Targets.FileTarget.Write(LogEventInfo logEvent)
